image number,url,words/phrases,,
1,https://s2.showstart.com/img/2020/0914/17/00/5997394672104ec9af3ceb91ea72b301_600_800_171494.0x0.jpg,跟着感觉走 超脱的个性 与民同乐,,
2,https://s2.showstart.com/img/2020/1011/10/30/3692e7b69f6743ee934aaead7d5c8668_600_800_238827.0x0.jpg,摆脱束缚 回归童真的快乐 这里没有大人,,
3,https://s2.showstart.com/img/2020/0926/15/30/66669179f16542eb8c37f050d2008dac_600_800_133280.0x0.jpg,日出之前 上环形山,,
4,https://s2.showstart.com/img/2020/0904/20/00/ab070c16e204479c8a97701f9659e24a_1200_1600_572896.0x0.jpg?imageMogr2/thumbnail/640x/gravity/Center/crop/640x,朋克精神 热血摇滚 充满生命力的声音,,
5,https://s2.showstart.com/img/2020/1009/18/00/a35243da460446de8c9c89d52abbfc70_600_800_172664.0x0.jpg,呼朋唤友 积蓄 夏天 能量 音浪中释放,,
6,https://s2.showstart.com/img/2020/0922/16/30/cbdfcc476c7748d5bca8c182ad060843_600_799_110574.0x0.jpg,流行 王金金 美元,,
7,https://img9.doubanio.com/pview/event_poster/raw/public/802be9fca980578.jpg,电影后朋 绝对浪漫 人是软弱,,
8,https://s2.showstart.com/img/2020/0807/14/00/f03749db6bd0476ca509557d2256a53f_600_800_147645.0x0.jpg,无边界 时间 命运  自我,,
9,https://s2.showstart.com/img/2020/0813/18/00/907aca47cd754f3da26deda6b5a935d6_600_800_180100.0x0.jpg?imageMogr2/thumbnail/!275x368r/gravity/Center/crop/!275x368,放松 舒爽 旋转木马的微醺 激流勇进的畅快,,
10,https://s2.showstart.com/img/2020/0913/17/00/60eeb6592e3d45628029f8f1ea28ce9a_1438_2039_1759375.0x0.jpg?imageMogr2/thumbnail/640x/gravity/Center/crop/640x,独特的魔力 无拘无束 奇思妙想,,
11,https://s2.showstart.com/img/2020/0917/03/30/c5580424b7614a36a95378c00b28feec_600_799_152802.0x0.jpg,魔幻,,
12,https://s2.showstart.com/img/2020/1003/11/30/7ae586534c044dd790f7e863daadccf1_474_756_845452.0x0.jpg?imageMogr2/thumbnail/640x/gravity/Center/crop/640x,性感 狂野 华丽 危险,,
13,https://s2.showstart.com/img/2020/1022/19/00/09964e073576471dae2fbf37e5d9a6a9_600_800_238177.0x0.jpg,未知新领域 未来蒸汽波 霓虹蒸汽卧室,,
14,https://s2.showstart.com/img/2020/0818/11/30/dc80d23138334f50bdec46d4d371f899_7087_9449_1869734.0x0.jpg?imageMogr2/thumbnail/640x/gravity/Center/crop/640x,草台回声 倒立超人,,
15,https://s2.showstart.com/img/2020/0927/14/30/accb761ff3ab44d5a3d52c13c234daed_4436_6227_3360550.0x0.jpg?imageMogr2/thumbnail/640x/gravity/Center/crop/640x,新的声音,,
16,https://s2.showstart.com/img/2020/0927/14/30/9a728aadd3e243b981b923812c79e30c_1106_1556_856881.0x0.jpg?imageMogr2/thumbnail/640x/gravity/Center/crop/640x,新的声音,,
17,https://s2.showstart.com/img/2020/0807/15/30/d6eda2a360ac4db19ede1b33c030e3ef_600_800_200530.0x0.jpg,不安和动荡 消费和娱乐 感官享受,,
18,https://s2.showstart.com/img/2020/1013/15/00/089f86209ac24b75bcda1c501b88753b_1296_1728_678440.0x0.png?imageMogr2/thumbnail/640x/gravity/Center/crop/640x,我不高兴,,
19,https://s2.showstart.com/img/2020/0929/15/00/a22439954a204fc4ba319b67f52b8dcb_1200_1600_1615073.0x0.jpg?imageMogr2/thumbnail/640x/gravity/Center/crop/640x,爆裂 可爱 出刀,,
20,https://s2.showstart.com/img/2020/0826/15/00/311b6b82f9a84d928c10c2a69942c211_1200_1574_890981.0x0.jpg?imageMogr2/thumbnail/640x/gravity/Center/crop/640x,独特 地下 胜利日 敲击,,
21,https://s2.showstart.com/img/2020/0829/13/30/8703d358380948e0a094f7a11110219d_600_800_654709.0x0.jpg,大可不必假装快乐,,
22,https://s2.showstart.com/img/2020/0922/21/00/a4a17eb9ff994e1098569b8c359c894d_600_800_304420.0x0.jpg,神秘的联系,,
23,https://s2.showstart.com/img/2020/1010/11/00/45d534ab8b4749299f4a9ec8f738b301_1243_1864_3454521.0x0.jpg?imageMogr2/thumbnail/640x/gravity/Center/crop/640x,对荒岛自由的想象 霓虹花园,,
24,https://s2.showstart.com/img/2020/0930/22/00/14f08b2ccbfb41af8f8ba2f7e308bc9b_1080_1621_1409002.0x0.jpg?imageMogr2/thumbnail/640x/gravity/Center/crop/640x,岛屿心情 彩色文胸 回春丹,,
25,https://s2.showstart.com/img/2020/1022/21/30/53c0adabf8e04def9ec387f9a53ee520_2528_3370_2940973.0x0.jpg?imageMogr2/thumbnail/640x/gravity/Center/crop/640x,蘑菇之夜,,
26,https://s2.showstart.com/img/2020/0923/20/30/bd7b14337b51478dbd66fb41626b8ef5_2749_3666_2024375.0x0.jpg?imageMogr2/thumbnail/640x/gravity/Center/crop/640x,持续发问 好奇 思考 积极面对新未来 能量 温度,,
27,https://s2.showstart.com/img/2020/0915/21/30/65b0bc042cc146c8bee76bd63eaf4a4a_600_799_186255.0x0.jpg,朋克之春,,
28,https://s2.showstart.com/img/2020/0928/17/00/d95c2eeb9cff43ed8d486b2fefa2959b_600_800_144199.0x0.jpg,乒乓,,
29,https://s2.showstart.com/img/2020/0930/14/00/f22174c2cc074b2d96017002f8f44df0_600_800_168143.0x0.jpg,派对 奇装异服 万圣节,,
30,https://s2.showstart.com/img/2020/0915/16/30/7c51934d25004066a962688b0fec22d3_3544_5315_4663986.0x0.jpg?imageMogr2/thumbnail/640x/gravity/Center/crop/640x,撕掉标签,,
31,https://s2.showstart.com/img/2020/1013/17/30/d2b0298ee2ba4561ba87c28a0dee6492_600_800_200172.0x0.jpg,浪漫 大都会,,
32,https://s2.showstart.com/img/2020/1018/06/30/af027be236f7409ba316b2b9124aa419_600_800_278609.0x0.jpg,万圣节 魔仙堡 变装,,
33,https://s2.showstart.com/img/2020/1021/11/00/5ed01c6318ac46279dcb9b7dfc19c437_600_800_98177.0x0.jpg,特立独行 闪光,,
34,https://s2.showstart.com/img/2020/1014/00/30/93e8289c52ac47b785f24acbe3aaa1ac_3545_6202_3574476.0x0.jpg?imageMogr2/thumbnail/640x/gravity/Center/crop/640x,硬碰硬,,
35,https://s2.showstart.com/img/2020/0911/01/00/2eae5bd9580045bc86500307f4f423bb_2121_3000_1955083.0x0.jpg?imageMogr2/thumbnail/640x/gravity/Center/crop/640x,凶狠利落 华丽唯美 绯色 地平线,,
36,https://s2.showstart.com/img/2020/1008/15/00/d65954d9fafe4e2f96c5ffc99a3b6509_2251_3455_823036.0x0.jpg?imageMogr2/thumbnail/640x/gravity/Center/crop/640x,多元 未知 奇幻王国,,
37,https://s2.showstart.com/img/2020/1010/19/00/2dbd15d80c384d2fae1a5ce04c1e4864_2480_3508_1239650.0x0.jpg?imageMogr2/thumbnail/640x/gravity/Center/crop/640x,热热闹闹,,
38,https://s2.showstart.com/img/2020/0913/17/30/c7a32821bc084353878a69062875b835_7088_10631_6146308.0x0.jpg?imageMogr2/thumbnail/640x/gravity/Center/crop/640x,潇洒而活 尽兴 命不该绝,,
39,https://s2.showstart.com/img/2020/1022/12/30/37410b8bc01b4ab8b5872a8f46a81072_600_800_109243.0x0.jpg,又硬又软 甜蜜,,
40,https://s2.showstart.com/img/2020/1008/11/00/78b95371fd484c26bc31be29a293020b_600_800_192737.0x0.jpg,万圣节,,
41,https://s2.showstart.com/img/2020/0818/00/30/d55201b9802c46459b424ee948110ad0_600_800_308503.0x0.jpg,细致的音墙 优美的旋律 诗性的表达,,
42,https://s2.showstart.com/img/2020/1009/23/30/964502fc2c404306ad737c99e6e7342f_3960_5616_3920173.0x0.jpg?imageMogr2/thumbnail/640x/gravity/Center/crop/640x,好玩 摇滚,,
43,https://s2.showstart.com/img/2020/20200122/252344be3ca04b399dfd7dc4dac8009e_600_800_855097.0x0.jpg,破碎 献身 非福即祸 理想,,
44,https://s2.showstart.com/img/2020/1010/10/30/6ed398dafc57480fb8b92d65f024a8c3_600_800_199084.0x0.jpg,重整 力量 白日梦,,
45,https://s2.showstart.com/img/2020/1004/10/00/3dfa99c0a1f240cdb81e99633382ffe1_600_800_265173.0x0.jpg,前卫 独孤的旅行者,,
46,https://s2.showstart.com/img/2020/1022/14/30/84dc78f2b3164cfbb9b5a3bd78daa3a4_600_800_168750.0x0.jpg,南方是浓得化不开的夜色 爱恨情仇,,
47,https://s2.showstart.com/img/2020/0923/18/30/bf12c53c4b7a4b73b4423ea2d5cda6cf_600_800_220170.0x0.jpg,疯客与舞蹈,,
48,https://s2.showstart.com/img/2020/0925/17/30/bc9859f2508840b1b754d608396daad2_5176_9201_3615945.0x0.jpg?imageMogr2/thumbnail/640x/gravity/Center/crop/640x,影响城市之声,,
49,https://s2.showstart.com/img/2020/0928/23/30/27133a083f17496daf687d780d7f1b68_600_800_211426.0x0.jpg,新鲜的生命力 冒泡氢气,,
50,https://s2.showstart.com/img/2020/1021/12/00/7118e4199ef2480dbd1d7ac384ea49e9_600_800_253220.0x0.jpg?imageMogr2/thumbnail/!275x368r/gravity/Center/crop/!275x368,刺猬,,
51,https://s2.showstart.com/img/2020/1010/12/00/8f684bf32e5b4685a9725d65df529259_2480_3508_1731777.0x0.jpg?imageMogr2/thumbnail/640x/gravity/Center/crop/640x,躁动午夜 崭新的面貌 新鲜元素 血液,,
52,https://s2.showstart.com/img/2020/1004/22/00/7b755246e24f498f895c5fe879b7eb10_2480_3508_2138630.0x0.jpg?imageMogr2/thumbnail/640x/gravity/Center/crop/640x,真诚 青春的血和泪水,,
53,https://s2.showstart.com/img/2020/0916/16/00/762cc01302fd4a02b10feba997398971_600_800_132427.0x0.jpg,荒腔走板,,
54,https://s2.showstart.com/img/2020/0923/02/00/edd6c880e76249f489730fedf3eb3d88_600_800_215943.0x0.jpg?imageMogr2/thumbnail/!275x368r/gravity/Center/crop/!275x368,甩最猖狂的头发 喝最烈的酒 见最想见的人,,
55,https://s2.showstart.com/img/2020/1018/20/30/6dab325d008348ea8cc2ffb9209df4ae_600_800_744176.0x0.jpg?imageMogr2/thumbnail/!275x368r/gravity/Center/crop/!275x368,抚慰所有疲惫,,
56,https://s2.showstart.com/img/2020/0818/22/00/7d924a22432646a38b2b1d12bdc65504_600_800_251303.0x0.jpg?imageMogr2/thumbnail/!275x368r/gravity/Center/crop/!275x368,正能量 实验精神,,
57,https://s2.showstart.com/img/2020/0909/19/00/47a517a6fa7845c29d7c5dfae6cb31e3_600_800_411707.0x0.jpg?imageMogr2/thumbnail/!275x368r/gravity/Center/crop/!275x368,复古未来主义 有趣的 奇特的,,
58,https://s2.showstart.com/img/2020/1020/12/30/ad6ac1023b1b496e9b881a55899755a3_600_799_118426.0x0.jpg?imageMogr2/thumbnail/!275x368r/gravity/Center/crop/!275x368,前卫 蒙古东方 乌飞兔走昼还夜,,
59,https://s2.showstart.com/img/2020/1014/18/00/8fbc4d437f844f8ea4907f6023c0f8b7_600_800_202085.0x0.jpg,不要松懈 挺拔的身姿 面对生活 受害者 如何在风中,,
60,https://s2.showstart.com/img/2020/0817/15/30/6c6bb47a70c64fb09337f12ab8cc4f12_600_800_817235.0x0.jpg,有趣 意想不到 别闹,,
61,https://s2.showstart.com/img/2020/0915/09/30/4eaf6d0a1a024096adb2c4140f2b9760_600_800_160593.0x0.jpg,爱就跟我走,,
62,https://s2.showstart.com/img/2020/0903/18/30/dc2dc87bb76e4c7d9e383cba64bab939_600_800_161879.0x0.jpg,奇思妙想 充满戏剧张力 躁动 活力,,
63,https://s2.showstart.com/img/2020/0929/20/00/26c67ec9bc544afb8d91ea5198822296_600_800_915911.0x0.jpg,直白与暧昧 浪漫与现实,,
64,https://s2.showstart.com/img/2020/0806/10/30/304278447b4a4dc0a55968f91bd3a0fb_1200_1600_2112503.0x0.jpeg?imageMogr2/thumbnail/640x/gravity/Center/crop/640x,老板好,,
65,https://s2.showstart.com/img/2020/1019/12/00/cb577c6bf96649cbaf929b3aa3a4fc45_600_800_292567.0x0.jpg,逆流,,
66,https://s2.showstart.com/img/2020/1019/14/00/aa268667318a4139b9ebe726eb9b3ed9_600_800_222133.0x0.jpg,冷峻 解离的真实,,
67,https://s2.showstart.com/img/2020/1002/12/00/ce440f13b5744959b6db951ecd59eaa8_600_800_761242.0x0.jpg,重构,,
68,https://s2.showstart.com/img/2020/1016/10/00/d6a9c689cc1b4b5e98277c41efe076c5_600_800_123300.0x0.jpg,飘忽不定 难以言表,,
69,https://s2.showstart.com/img/2020/1016/15/00/86628e3cbba14f2eb6fa79ee822d212a_600_800_197041.0x0.jpg,狂欢时代,,
70,https://s2.showstart.com/img/2020/0927/12/00/3633eb3d4dc748dea227181a076b5181_600_800_222979.0x0.jpg,发条卡目索,,
71,https://s2.showstart.com/img/2020/0804/11/30/c53cb656fc104d18991e74a9d32f762e_600_800_161223.0x0.jpg,夏日嬉戏玩耍 海边冲浪 无限宇宙的美好幻想 海角天涯 秋日巡游,,
72,https://s2.showstart.com/img/2020/1013/17/00/dfba15f1f3514c4d9908121cd8e3dd9f_600_800_155798.0x0.jpg,独特 极简 粗砺 硬朗 探索性 破碎感 噪音墙,,
73,https://s2.showstart.com/img/2020/1010/18/30/bf22f7634a864850aa2c70ea89aac1f5_600_800_169838.0x0.jpg,跌入梦境的温柔手,,
74,https://s2.showstart.com/img/2020/1023/16/30/ae6d5880c2094bdd9e3a4a326d7f198b_600_800_862958.0x0.jpg,崭新 充满暗涌 令人恐惧 去新时代,,
75,https://payload.cargocollective.com/1/17/574534/12566781/04_670.jpg,曹操你别怕,,
76,https://payload.cargocollective.com/1/17/574534/12566781/03_800_670.jpg,像将军那样喝酒,,
77,https://payload.cargocollective.com/1/17/574534/12566781/09_670.jpg,大歌厅时代,,
78,https://payload.cargocollective.com/1/17/574534/12566781/05_800_670.jpg,鲜花在岸上开,,
79,https://payload.cargocollective.com/1/17/574534/12566781/-_670-1_670_670.jpg,晚上好春天小姐,,
80,https://payload.cargocollective.com/1/17/574534/12566781/-_900_670.jpg,梦幻丽莎发廊,,
81,https://payload.cargocollective.com/1/17/574534/12566781/2017_1250_670.jpg,梦幻丽莎发廊,,
82,https://payload.cargocollective.com/1/17/574534/11266672/002-012_900_670.jpg,过年 回到海丰,,
83,https://payload.cargocollective.com/1/17/574534/11266672/_670_670.jpg,过年 回到海丰,,
84,https://payload.cargocollective.com/1/17/574534/11266672/201602-_670.jpg,过年 回到海丰,,
85,https://payload.cargocollective.com/1/17/574534/11266672/_670-1_670_670.jpg,过年 回到海丰,,
86,https://payload.cargocollective.com/1/17/574534/11266672/_670-1_670_670.jpg,过年 回到海丰,,
87,https://payload.cargocollective.com/1/17/574534/13360608/-01_800.jpg,异星营地,,
88,https://payload.cargocollective.com/1/17/574534/13360456/2_900.jpg,明天的太阳依然为你升起,,
89,https://payload.cargocollective.com/1/17/574534/13360596/_900.jpg,流浪到赤水,,
90,https://payload.cargocollective.com/1/17/574534/14036933/2222_1200.jpg,龙洞有个美国城,,
91,https://mir-s3-cdn-cf.behance.net/project_modules/2800_opt_1/a232c860872121.5a5c860b303d9.jpg,现代堡垒,,
92,https://mir-s3-cdn-cf.behance.net/project_modules/2800_opt_1/58277260872121.5a5c860b308ed.jpg,草莓星球,,
93,https://mir-s3-cdn-cf.behance.net/project_modules/2800_opt_1/394d1a60872121.5a5c860b33cd0.jpg,超现实世界,,
94,https://mir-s3-cdn-cf.behance.net/project_modules/2800_opt_1/e1ac4760872121.5a5c860b31428.jpg,考古学,,
95,https://f4.bcbits.com/img/a2404476946_16.jpg,为了富人,,
96,https://f4.bcbits.com/img/a2016722170_16.jpg,鸟撞 一体,,
97,https://f4.bcbits.com/img/a1493215746_16.jpg,飞去来 沉默入梦,,
98,https://f4.bcbits.com/img/a2076802396_10.jpg,跳山羊 在冰面上行走,,
99,https://f4.bcbits.com/img/a1075344364_10.jpg,粉笔线 帐篷,,
100,https://f4.bcbits.com/img/a1852573216_10.jpg,赤裸裸的表演 迎着风浪向前 罪恶和谐,,
101,https://f4.bcbits.com/img/a4218335501_10.jpg,变色蝴蝶，美杜莎,,
102,https://f4.bcbits.com/img/a3187074952_10.jpg,海朋森，我不要别的历史,,
103,https://f4.bcbits.com/img/a0989039429_10.jpg,生命的喘息,,
104,https://f4.bcbits.com/img/a4292615919_10.jpg,另类 独立 噪音,,
105,https://f4.bcbits.com/img/a3141379735_10.jpg,白加 另类 迷幻 噪音,,
106,https://f4.bcbits.com/img/a3831052662_10.jpg,退格 人性建筑 云椅,,
107, https://f4.bcbits.com/img/a2678274525_10.jpg,另一个身体,,
108,https://f4.bcbits.com/img/a3662309878_16.jpg,屏幕 人性建筑,,
109,https://f4.bcbits.com/img/a3472218196_16.jpg,退格 人性建筑,,
110,https://f4.bcbits.com/img/a2635505764_10.jpg,冷热的声音以及快乐与悲伤的事物融为一体 守望者,,
111,https://f4.bcbits.com/img/a4221016687_10.jpg,兽化，粉笔线,,
112,https://mir-s3-cdn-cf.behance.net/project_modules/2800_opt_1/1cb8c155473109.5985bb5820380.jpg,甜美 甜蜜 八月爱人,,
113,https://mir-s3-cdn-cf.behance.net/project_modules/2800_opt_1/c5ce2553579911.593945dddbf64.jpg,自画像,,
114,https://mir-s3-cdn-cf.behance.net/project_modules/max_1200/4b73f852456367.591307903f80b.jpg,与世界温暖相拥,,
115,https://mir-s3-cdn-cf.behance.net/project_modules/fs/ef90ac51624671.58f4e65d052c6.jpg,朋克之春,,
116,https://mir-s3-cdn-cf.behance.net/project_modules/fs/00dc6c51624671.58f4e65d06b0d.jpg,朋克之春,,
117,https://mir-s3-cdn-cf.behance.net/project_modules/fs/0e740a51430537.58ed418475476.jpg,匡威 橡胶履带,,
118,https://mir-s3-cdn-cf.behance.net/project_modules/max_1200/dd3a9951292049.58e89894bf392.jpg,匡威 橡胶履带,,
119,https://mir-s3-cdn-cf.behance.net/project_modules/max_1200/04d11248757991.58a1726302faf.jpg,鸡犬不宁,,
120,https://mir-s3-cdn-cf.behance.net/project_modules/fs/aae2bf47795921.5c287d1a1b570.jpg,学校 传单,,
121,https://mir-s3-cdn-cf.behance.net/project_modules/max_1200/9c067246396529.5852883bb5702.jpg,学校 颁奖典礼,,
122,https://mir-s3-cdn-cf.behance.net/project_modules/fs/bb369444529697.5814f7de85d09.jpg,美国恐怖故事 罗阿诺克,,
123,https://mir-s3-cdn-cf.behance.net/project_modules/fs/919fe440722787.578abcaadf6c7.jpg,两千万造物者,,
124,https://mir-s3-cdn-cf.behance.net/project_modules/fs/6fb31940722787.578abcaae43ca.jpg,两千万造物者,,
125,https://mir-s3-cdn-cf.behance.net/project_modules/fs/a4ca8940722787.578abcaadfe2f.jpg,两千万造物者,,
126,https://mir-s3-cdn-cf.behance.net/project_modules/fs/1694c740722787.578abcaae1302.jpg,两千万造物者,,
127,https://mir-s3-cdn-cf.behance.net/project_modules/fs/05c02640722787.578abcaae19cd.jpg,两千万造物者,,
128,https://mir-s3-cdn-cf.behance.net/project_modules/fs/86eaab40490559.578175cd28043.jpg,恶魔之子,,
129,https://mir-s3-cdn-cf.behance.net/project_modules/fs/fb407737417425.573f52b1597c6.jpg,乌鸦,,
130,https://mir-s3-cdn-cf.behance.net/project_modules/fs/4c085537417425.573f52b1590e7.jpg,乌鸦,,
131,https://mir-s3-cdn-cf.behance.net/project_modules/fs/4d28d037417425.573f52b15a63e.jpg,乌鸦,,
132,https://mir-s3-cdn-cf.behance.net/project_modules/fs/181cbd37417425.573f52b159df3.jpg,乌鸦,,
133,https://s2.showstart.com/img/2020/1029/11/30/a0d2a369a407436e98e499671ca6ea0e_600_800_116668.0x0.jpg,生活要奔走在热爱里 二十四城记,,
134,https://s2.showstart.com/img/2020/1102/09/30/7411aa18ef6346569713566170430f89_600_800_121470.0x0.jpg,芥末保护协会表示谴责 芥末刺杀案,,
135,https://s2.showstart.com/img/2020/1020/12/30/a99e05e16bc540ee8274f6ac479b3439_600_800_244016.0x0.jpg,南方酸性咪咪 随机生效,,
136,https://s2.showstart.com/img/2020/1102/20/30/b2ebf1e75a5849539529da87483d0c54_600_800_239150.0x0.jpg,全场畅饮 夜猫摇滚俱乐部,,
137,https://s2.showstart.com/img/2020/1115/10/30/df51f292c89a43268ba8d7817c8e7e9e_600_800_279333.0x0.jpg,育音堂 地下新声,,
138,https://s2.showstart.com/img/2020/1106/17/00/9d1048ae74d944f8af3f37d0d04ce924_600_800_193898.0x0.jpg,秋日晚风,,
139,https://s2.showstart.com/img/2020/1029/16/00/8428ab17e5b94a6cab92ae813e59a456_600_800_323513.0x0.jpg?imageMogr2/thumbnail/!275x368r/gravity/Center/crop/!275x368,聚众饮酒 冲破枷锁 有酒还魂 只记今朝 烈烈烈,,
140,https://s2.showstart.com/img/2020/0730/11/00/495c785d25fe406e8b74018bbc382abf_1200_1583_1370938.0x0.jpg?imageMogr2/thumbnail/640x/gravity/Center/crop/640x,世界不会轻易崩塌,,
141,https://s2.showstart.com/img/2020/0729/14/30/eb0366255eb04ea1b3b045c3ababf89a_931_990_63439.0x0.jpg?imageMogr2/thumbnail/640x/gravity/Center/crop/640x,笠云 飞船化身 感情记忆作为能量 守护,,
142,https://s2.showstart.com/img/2020/1102/14/30/b9846c041be44c128d2a6a3fc8074b57_2743_4096_1167116.0x0.jpg?imageMogr2/thumbnail/640x/gravity/Center/crop/640x,烟花轶事 白纸扇 和平饭店 靴腿 过期酸奶,,
143,https://s2.showstart.com/img/2020/1015/16/30/f84db45a71834cd5a22fa56b530261d9_600_800_254178.0x0.jpg,熊猫眼 你能开心多久,,
144,https://s2.showstart.com/img/2020/1107/13/30/000991bfe826471ba8a510323735f1dc_600_800_274535.0x0.jpg,希冀 涅槃 重生 复兴,,
145,https://s2.showstart.com/img/2020/1102/21/30/78ba66915782412eae19391842398cc1_600_800_119372.0x0.jpg,湖怪 温和 强大的力量,,
146,https://s2.showstart.com/img/2020/1106/15/00/be01dba8c70a43e78bad0ecc3b9e1c30_600_799_183437.0x0.jpg,魔方城市 改噪 放大器 噪音,,
147,https://s2.showstart.com/img/2020/1027/11/30/935da25cab294b8a96a409d633560d3a_600_800_202964.0x0.jpg, 喜怒哀乐 有憧憬有失望 俏皮且又深沉,,
148,https://s2.showstart.com/img/2020/1018/00/00/5e92e07a97a8473ab54bdbc05c431146_600_800_122889.0x0.jpg,你好秋天 温暖 真诚 朋友,,
149,https://s2.showstart.com/img/2020/1009/20/30/0572311f25bb454cbfbc0fb0103bb3c5_600_800_153279.0x0.jpg,淘金杂货铺,,
150,https://s2.showstart.com/img/2020/1015/20/00/6186e1c639f448f497386c15cc51b4b2_600_800_140627.0x0.jpg,淋过雨的空气有点伤心 给人慰籍 一起 避雨,,
151,https://s2.showstart.com/img/2020/1026/14/30/c1365ee04d1c47a6b8fead422769d646_600_800_171628.0x0.jpg,海葵计划 温暖的冬夜,,
152,https://s2.showstart.com/img/2020/0919/11/30/6d71a39ae0e840a88eeb4b95b1c9a9fb_600_800_114579.0x0.jpg,西游,,
153,https://s2.showstart.com/img/2020/1023/16/30/fb0139756661411ab22c78f41c469f83_600_800_243948.0x0.jpg,音乐与酒 越嗨越有,,
154,https://s2.showstart.com/img/2020/1106/12/30/20222cab4d024c8daaac66d0905e556b_2567_3425_5338567.0x0.jpg?imageMogr2/thumbnail/640x/gravity/Center/crop/640x,洗涤 原始的渴望 释放天性,,
155,https://s2.showstart.com/img/2020/0818/22/30/0cff8bdcd2da48c3b2b537227136397f_1080_1440_453178.0x0.jpg?imageMogr2/thumbnail/640x/gravity/Center/crop/640x,正能量与实验精神 跳跃而出的乖戾又突出的色彩 解除禁锢的新表达 ,,
156,https://s2.showstart.com/img/2020/1025/10/00/52f79ca996b74cad8bba4fbde3ce1a64_600_800_175214.0x0.jpg,火热,,
157,https://s2.showstart.com/img/2020/1015/10/30/5ae5c22c0b794d13856a5129279e22f1_600_800_178308.0x0.jpg,激情 难忘的周五之夜,,
158,https://s2.showstart.com/img/2020/1029/17/00/4b27580a6d1349fe95344e1f88b6f80f_600_799_230094.0x0.jpg,"黑胶市集 轻松开放舒适的咖啡馆 吃吃玩玩逛逛有趣
 ",,
159,https://s2.showstart.com/img/2020/0929/23/00/f1d9c9e4f2454608bffbcd673355492e_600_800_258440.0x0.jpg,良辰已到 孤独 冗长,,
160,https://s2.showstart.com/img/2020/1027/18/30/a9e8e75433054cbb8dfc0b86e359a00e_600_800_1031451.0x0.jpg,葡萄合唱团,,
161,https://s2.showstart.com/img/2020/0910/12/00/34738b1c06874045b8c37e95fa857d63_600_800_280030.0x0.jpg,造梦机器 潜意识的世界 惊叹它的光怪陆离 现实和幻觉的结合 无法到达 真实却又模糊的存在,,
162,https://s2.showstart.com/img/2020/0925/10/30/6bd32999799e4e598eff2cc55b4a6d2d_600_800_203023.0x0.jpg,自我进化的探索 无法改变进化的规律和必然性 创造出下一个进化浪潮。,,
163,https://s2.showstart.com/img/2020/1023/16/30/4096667e3e434941b1a33f29971319b8_600_800_116637.0x0.jpg,本质 大放光彩 黄金年代,,
164,https://s2.showstart.com/img/2020/1019/22/30/d1df3aa0cb0a43aebc1560545949ecb5_600_799_196883.0x0.jpg,摇滚新势力 重新审视自我的空间和氛围 新鲜的声音,,
165,https://s2.showstart.com/img/2020/0925/19/00/34efe648e1294454940b981cc2bb18a1_600_800_183984.0x0.jpg,沉没纪事 荒谬英雄,,
166,https://s2.showstart.com/img/2020/1022/16/30/e50a64620603472991f17fa7d2c80a09_1200_1593_2836915.0x0.jpg?imageMogr2/thumbnail/640x/gravity/Center/crop/640x,夏不为离 葡萄不愤怒 所有甘愿的肆意都不浪费,,
167,https://s2.showstart.com/img/2020/0902/19/30/da3b55becdb9458b8ecd6fd89d3eaa95_600_800_170203.0x0.jpg,多元化的饕餮盛宴 舒缓和激烈的碰撞,,
168,https://s2.showstart.com/img/2020/1115/19/30/cea95b72baaa4870b2493876799aa380_600_799_143802.0x0.jpg,静寂 清晨 呐喊中饱含了对日常与世界的细腻挚爱 超新星,,
169,https://s2.showstart.com/img/2020/1022/15/30/4b2c2e9af3e04ddb92b7c6dd8701d96e_600_800_273368.0x0.jpg,冬日暖洋洋 青春 热血 荷尔蒙,,
170,https://s2.showstart.com/img/2020/1105/12/30/63d2e1074e3c4020890c72ccabf896a5_600_800_135712.0x0.jpg,抢救昨日 我热爱的生活,,
171,https://s2.showstart.com/img/2020/1012/20/30/7a996e93fe2c407fb0b729b7de224a62_600_800_146763.0x0.jpg,帆布小镇 意外晴空中的浪漫出走,,
172,https://s2.showstart.com/img/2020/1027/01/00/586301cbe2b94534af569b49a8e9119c_600_800_233676.0x0.jpg,畅觉音乐,,
173,https://s2.showstart.com/img/2020/1027/01/30/1d0efd35fbde466fbc4e80d00b059190_2387_3376_7287734.0x0.jpg?imageMogr2/thumbnail/640x/gravity/Center/crop/640x,硬核 死亡金属 猖獗一时,,
174,https://s2.showstart.com/img/2020/0911/21/30/94bedd4c879a4f83b7b3c69b5a17d0f5_600_800_164861.0x0.jpg,芥末刺杀案 迷幻 美妙,,
175,https://s2.showstart.com/img/2020/1026/16/00/beb6fbcb2af549c3ac71486e4e5f9e96_600_800_1230462.0x0.jpg,孤独症候群 个人觉醒,,
176,https://s2.showstart.com/img/2020/1107/10/00/da09e10da4414f19ba629410018b0740_600_800_138284.0x0.jpg,别在深夜做决定 恣意随性 漫游徜徉,,
177,https://s2.showstart.com/img/2020/1023/14/30/d78cec50c9384d39abfa486ffa605236_600_800_201840.0x0.jpg,冬日海洋 温暖冲浪,,
178,https://s2.showstart.com/img/2020/1029/13/30/473d1a1cd56640d884118285fc32b01e_600_799_140307.0x0.jpg,草料 惊喜,,
179,https://s2.showstart.com/img/2020/0921/16/00/199b14121cd24fcd8aeeb52c2690c9cf_600_800_187472.0x0.jpg,音墟 捉摸不透 迷幻 废墟之中开出了让人遐想繁多的花,,
180,https://s2.showstart.com/img/2020/1103/20/00/b0eab7141a204dcfb1e45e6466b3ed0e_600_800_252982.0x0.jpg,不醒之梦 梦游派对  幻觉 短暂性放任自流,,
181,https://s2.showstart.com/img/2020/1109/16/00/cfe698109cd847a68836a4d40633ab04_600_800_102771.0x0.jpg,摇滚圣诞 温度 慰藉,,
182,https://s2.showstart.com/img/2020/1024/18/30/20a53abe2b90498bab6de883e52eda7a_1200_1600_1577455.0x0.jpg?imageMogr2/thumbnail/640x/gravity/Center/crop/640x,我切断了自己的讯号 吞一颗能安定的药 孤单选择了我 我和我的金鱼都已经 抑郁了,,
183,https://s2.showstart.com/img/2020/0819/16/30/7106129f01b24dfc8a4bebca0ab35b96_600_800_181765.0x0.jpg,闪耀 动听洗脑的旋律和明快的律动感,,
184,https://s2.showstart.com/img/2020/1110/12/00/518142e616594e99a84b633b30b7ba81_1202_1627_434820.0x0.jpg?imageMogr2/thumbnail/640x/gravity/Center/crop/640x,深度演练,,
185,https://img0.tking.cn/mtl/default/img/3cZnK3pty4_.jpg,真实的我,,
186,https://image.huanghepiao.com/images/201907/source_img/12843_G_1563689487352.jpg,热情 星巢音乐节 欢乐,,
187,https://s2.showstart.com/img/2020/1019/15/30/b7a5c2f0337244d59ecfa03494f68eec_600_800_325170.0x0.jpg,收到请回复 年轻人 挣脱条条框框的约束,,
188,https://s2.showstart.com/img/2020/1016/16/00/e13f41d365274cd28b46f47626d7416e_600_800_193082.0x0.jpg,下落不明 如期而至 随性 个性 正能量 活泼开朗  ,,
189,https://s2.showstart.com/img/2020/0918/11/00/c4d1a3c39870460891b009acb9ba56a1_600_800_82598.0x0.jpg,唯利玉碎计划 亡命南方,,
190,https://s2.showstart.com/img/2020/1030/15/00/764165fd3f3c43ee96b001f6de3178c2_600_800_141615.0x0.jpg,独立的世界,,
191,https://s2.showstart.com/img/2020/1006/18/00/77b206cc6f00434d98459a2cbf8d1184_1836_2835_2724578.0x0.jpg?imageMogr2/thumbnail/640x/gravity/Center/crop/640x,雙子計劃 人格分裂,,
192,https://s2.showstart.com/img/2020/1019/12/30/bd55254f38404edfbfeeefed6ff7a061_600_800_162656.0x0.jpg,苦恋的 害相思病的 相思是一种病,,
193,https://s2.showstart.com/img/2020/1103/16/00/d537f478ff554405be200704c9d02dc2_600_800_953377.0x0.jpg,菠萝乐场 密光楼 找寻你们的视线,,
194,https://s2.showstart.com/img/2020/1106/20/00/86658f9a87a6495b8f4b060330c85878_600_800_107473.0x0.jpg,回声 试探时空与记忆的边界 信息和情感的共舞 回溯未来和过去的声音,,
195,https://s2.showstart.com/img/2020/1010/18/30/bf22f7634a864850aa2c70ea89aac1f5_600_800_169838.0x0.jpg,温和治疗 坠入梦境的唯一安全方式 温柔手 潮汐,,
196,https://s2.showstart.com/img/2020/1016/03/30/fd97eec62d7f407aa2fedafcd031aace_600_800_142058.0x0.jpg,国民瞬间,,
197,https://s2.showstart.com/img/2020/1015/16/00/5e52bbdedd9445e9bd2c5eea9c08cbfb_600_800_101396.0x0.jpg,理性 数字,,
198,https://s2.showstart.com/img/2020/1015/16/30/6a0963e95abf4352b476523e27956cdb_600_800_149985.0x0.jpg,快速更迭的时代中 总有人为了热爱而坚守,,
199,https://s2.showstart.com/img/2020/1020/07/30/a2f7c4d17efd44fa89aee0c8bcca9fbc_600_800_257836.0x0.jpg,潜藏的暴力意味 少年心气 致敬雷蒙斯,,
200,https://s2.showstart.com/img/2020/0903/20/30/6cd0af9c03824a61b50c8da0a7b56490_600_800_161863.0x0.jpg,自私 温度 热斑,,
201,https://s2.showstart.com/img/2020/1027/18/30/ba80e357caf84e908e1c890c4803d429_600_800_109081.0x0.jpg,处处甜心,,
202,https://s2.showstart.com/img/2020/0928/17/00/7c9d56ae4d034efdaeb7d65d09d54fe9_600_800_283447.0x0.jpg,舞 跳舞 全力以赴 不足为惧,,
203,https://s2.showstart.com/img/2020/1011/10/30/b01e44e1393b483eb04ff7389bd24b22_600_800_212707.0x0.jpg,秘密行动 偷窃,,
204,https://s2.showstart.com/img/2020/0929/16/00/f920382f42c04bba9c7373bb6471516f_600_800_251335.0x0.jpg,布朗尼秋日舞会 浪漫夜晚,,
205,https://s2.showstart.com/img/2020/1014/15/30/114d53831be74a8aaa1be97b69a40cf4_1200_1600_2422938.0x0.jpg?imageMogr2/thumbnail/640x/gravity/Center/crop/640x,白色巨塔里排列完整的信息 随意安放的碎片 时有时无的残响,,
206,https://s2.showstart.com/img/2020/1021/14/00/dbfa394302094762a9c47feb826a3f32_600_800_69211.0x0.jpg,得赞 回顾自己 回忆长梦 回望爱,,
207,https://s2.showstart.com/img/2020/1028/14/30/16900b9f3b8842c3a4aa9c67409043f0_600_799_161892.0x0.jpg,冬日限定 苏醒的日常 唤醒,,
208,https://s2.showstart.com/img/2020/1101/22/00/f7379e009f4341b9b753b5f881ea9b6d_600_799_167765.0x0.jpg,疯人院 积压不满 阴郁 悲伤 暗黑,,
209,https://s2.showstart.com/img/2020/1103/13/30/189aeabc16b842249b6b8983cb9315ed_600_800_208831.0x0.jpg,避寒 避难所 烤热乎,,
210,https://s2.showstart.com/img/2020/1108/22/00/3c9682a384104365bcc08b212918a6f7_600_800_248388.0x0.jpg,虚构 传奇人物 钻石皇后,,
211,https://s2.showstart.com/img/2020/1104/17/00/75a1449b3263496d82d135751e315386_600_800_135688.0x0.jpg,新蛋糕 微室巨像,,
212,https://s2.showstart.com/img/2020/1110/11/00/a92e7db0d91f4a38a30309633321c5e9_600_800_251906.0x0.jpg,旧日的心碎 古都的火焰 失落的心被修复,,
213,https://s2.showstart.com/img/2020/1025/17/00/4bd1b89170994aec96dbc356504ec13c_600_800_258543.0x0.jpg,舞池护卫队 独孤的旅行者,,
214,https://s2.showstart.com/img/2020/1025/17/00/e52381ea70f14a27ba9fa38102dfc22b_1000_998_157442.0x0.jpg?imageMogr2/thumbnail/640x/gravity/Center/crop/640x,未来夫 复古 前卫浩室,,
215,https://s2.showstart.com/img/2020/1112/10/30/c0e6f90e65014fbe9f204c9ba5068973_600_800_260540.0x0.jpg,驶向天使之城 浪旅,,
216,https://s2.showstart.com/img/2020/1112/10/30/f0c8e1ad909c4c36924a0506e2e950bd_4268_3200_4048801.0x0.jpg?imageMogr2/thumbnail/640x/gravity/Center/crop/640x,温柔 鞋底过往云烟的泡沫 勇敢直白 踏浪旅玩,,
217,https://s2.showstart.com/img/2020/1025/17/00/1653870c776e4527b2760883c88bc2fb_716_716_103574.0x0.jpg?imageMogr2/thumbnail/640x/gravity/Center/crop/640x,神秘王国,,
218,https://s2.showstart.com/img/2020/1112/20/30/e974db26eaea477c9fc9d3b620edfc79_1200_1800_1244807.0x0.jpg?imageMogr2/thumbnail/640x/gravity/Center/crop/640x,赛博格 精密数据 面罩 怀疑 模糊 赛博朋克,,
219,https://s2.showstart.com/img/2020/1016/11/00/570e35df2c2349ceb02dac408aa416df_600_800_187696.0x0.jpg,开心 尽情 摇摆廊 快乐 擅点秋香,,
220,https://s2.showstart.com/img/2020/1111/17/00/82294e7a12c5493dbdb7a517f21c220c_600_800_197938.0x0.jpg,年轻的朋友,,
221,https://s2.showstart.com/img/2020/20200404/aff02a533b344966995c2727dd23be97_600_800_158271.0x0.jpg,不可思议减压馆 轻松愉快,,
222,https://s2.showstart.com/img/2020/1103/13/00/fa938a12d54a47fcbba85712d0581338_600_800_158240.0x0.jpg,聚光灯 爆笑,,
223,https://s2.showstart.com/img/2020/1102/20/00/409b5f8bc895415d9687e6cce74e8aaf_600_800_124020.0x0.jpg,浪漫制造器 我们头顶着粉色的云彩 在冬日的黄昏,,
224,https://s2.showstart.com/img/2020/1018/12/00/48136c8c12884d89817301b9fec198dd_600_800_138185.0x0.jpg,二氧化碳歌舞厅 解压大作战,,
225,https://s2.showstart.com/img/2020/1015/10/30/407ff5f663bc46bcaee7708a9fd539e1_1200_1600_1922358.0x0.jpg?imageMogr2/thumbnail/640x/gravity/Center/crop/640x,苦尽甘来 难忘,,
226,https://s2.showstart.com/img/2020/1014/10/00/11e05fa08c84447a81f2a74db799977e_600_800_238494.0x0.jpg,夏天的阳光 活力 清爽利落,,
227,https://s2.showstart.com/img/2020/1110/17/30/29579d273c5f422b8091a61b5246a4ae_600_800_179369.0x0.jpg,霓虹宝贝 80年代 摇摆舞会 五彩斑斓,,
228,https://s2.showstart.com/img/2020/1111/15/30/40203dbd5c2143b9a451b4668845c56d_600_800_178924.0x0.jpg,夜猫俱乐部,,
229,https://s2.showstart.com/img/2020/1114/03/00/4f765d0f9eb8435da98048481b990eba_600_800_172015.0x0.jpg,雷鬼午夜派对 凌晨,,
230,https://s2.showstart.com/img/2020/1103/09/30/f9e38bc75d7a4b58b381ddffc27ba6bf_600_800_192858.0x0.jpg,赛博蒸汽澡堂 蒸汽派对 赛博朋克 港式汗蒸,,
231,https://s2.showstart.com/img/2020/1111/18/00/633792a35e4d4364a5cfdae55cdc5ca6_600_800_195974.0x0.jpg,潮汐计划,,
232,https://s2.showstart.com/img/2020/1106/13/30/699f981183f34f63a80dded1f7e2361e_600_800_170025.0x0.jpg,哥特复古 月光浴 吸血鬼贵族 跳舞吧 午夜,,
233,https://s2.showstart.com/img/2020/1027/13/30/6276060c18fc4d1f87e87728e1591276_600_800_112248.0x0.jpg,骗局 虚假警醒清醒皇帝新衣,,
234,https://s2.showstart.com/img/2020/1019/12/00/dd71aeaf93e34a24aeef571acb74f3be_600_800_292588.0x0.jpg,都市产物,,
235,https://s2.showstart.com/img/2020/1102/22/30/7b58ec2285414c9bb059df6771eab62a_2480_3508_949433.0x0.jpg?imageMogr2/thumbnail/640x/gravity/Center/crop/640x,有趣 天马行空的想象 年轻人的生活态度,,
236,https://s2.showstart.com/img/2020/1006/16/00/1a058f91b9b64de29742e4319a743228_600_800_96736.0x0.jpg,地下8英里城市赛 团结,,
237,https://s2.showstart.com/img/2020/1105/12/00/0b98a2dd5440442891251dde130b8dba_600_800_62950.0x0.jpg,云别 孤独感 蓝色黎明的光亮世界,,
238,https://s2.showstart.com/img/2020/0903/17/30/bf0893e1ee9d4775807d2fa144389e1e_600_800_145919.0x0.jpg, 病痛 病人 论断,,
239,https://s2.showstart.com/img/2020/1009/12/30/9d2c9f6f2977421f81caffc8b8044dd6_600_800_287008.0x0.jpg,爱情伤心之地上海,,
240,https://s2.showstart.com/img/2020/0929/14/30/5f8f2dffd26f4eaf8ddc9914e5512203_600_800_256621.0x0.jpg,青春失乐园 游园会 迷失在 另一个星球,,
241,https://s2.showstart.com/img/2020/1108/22/30/3851d309ccb64ed8bffd2e010238be5e_600_800_263426.0x0.jpg,金色城市,,
242,https://s2.showstart.com/img/2020/1006/17/30/86dd1b8c0e3c42e285cd5f018f85536e_600_800_133213.0x0.jpg,碎片  拼接 重拾回完整的自己,,
243,https://s2.showstart.com/img/2020/1103/14/00/67d2a77e33074e0a859a14dcd075cb5d_600_800_777084.0x0.jpg,黑暗将至 黎明无期 颠覆 世界,,
244,https://s2.showstart.com/img/2020/0925/22/00/9d218bb7059e468ba99404e6f5ea8d8c_2480_3508_1698086.0x0.jpg?imageMogr2/thumbnail/640x/gravity/Center/crop/640x,硬核 大胆 实验 空前绝后,,
245,https://s2.showstart.com/img/2020/1028/20/30/d3dc69309fef426eabd726752bc3b509_1081_2320_3774843.0x0.jpg?imageMogr2/thumbnail/640x/gravity/Center/crop/640x,冥王星 融合次世代的进化动机,,
246,https://s2.showstart.com/img/2020/1020/17/30/794139766fec44c79fc7bf0400a0ed22_3000_4169_3922330.0x0.jpg?imageMogr2/thumbnail/640x/gravity/Center/crop/640x,规则内 博弈游戏 永恒轮回的漩涡,,
247,https://s2.showstart.com/img/2020/1002/12/00/ce440f13b5744959b6db951ecd59eaa8_600_800_761242.0x0.jpg,重构,,
248,https://s2.showstart.com/img/2020/1027/23/00/22697c2ee5844cc49ceeda276a9b2a36_600_800_113763.0x0.jpg?imageMogr2/thumbnail/!275x368r/gravity/Center/crop/!275x368,失去信念 孤独绝望 生离死别 困惑与不安,,
249,https://s2.showstart.com/img/2020/1014/19/30/23f034beb06b4bda81b64d957bf05c27_600_800_1044180.0x0.jpg,摇光在沉寂之夜闪耀 信号 逐星者 宙穹的彼岸,,
250,https://s2.showstart.com/img/2020/1110/15/00/abb83257e2a64164a94abc55268014a0_600_799_155863.0x0.jpg,算法的奇异纠缠 声声入境,,
251,https://mir-s3-cdn-cf.behance.net/project_modules/2800_opt_1/c8146194244069.5e7a12c5bb43e.jpg,呼保义 宋江,,
252,https://mir-s3-cdn-cf.behance.net/project_modules/2800_opt_1/b6388994244069.5e7a12c5c1ddc.jpg,玉麒麟 卢俊义,,
253,https://mir-s3-cdn-cf.behance.net/project_modules/2800_opt_1/7e173394244069.5e7a12c5bfb31.jpg,智多星 吴用,,
254,https://mir-s3-cdn-cf.behance.net/project_modules/2800_opt_1/2fb28294244069.5e7a12c5bc3bd.jpg,入云龙 公孙胜,,
255,https://mir-s3-cdn-cf.behance.net/project_modules/2800_opt_1/631d1a94244069.5e7a12c5bd956.jpg,大刀 关胜,,
256,https://mir-s3-cdn-cf.behance.net/project_modules/2800_opt_1/3468b994244069.5e7a12c5bc9e4.jpg,豹子头 林冲,,
257,https://mir-s3-cdn-cf.behance.net/project_modules/2800_opt_1/190b4894244069.5e7a12c5baac3.jpg,霹雳火 秦明,,
258,https://mir-s3-cdn-cf.behance.net/project_modules/2800_opt_1/dafd5294244069.5e7a12c5bf51d.jpg,呼延灼 双鞭,,
259,https://mir-s3-cdn-cf.behance.net/project_modules/2800_opt_1/ce38f294244069.5e7a12c5c0a02.jpg,小李广 花荣,,
260,https://mir-s3-cdn-cf.behance.net/project_modules/fs/75409398147997.5ed5c378525da.png,交幻场 户外,,
261,https://mir-s3-cdn-cf.behance.net/project_modules/2800_opt_1/dfd77194244069.5e7a12c5bd199.jpg,扑天雕 李应,,
262,https://mir-s3-cdn-cf.behance.net/project_modules/2800_opt_1/ee652f94244069.5e7a12c5c23b5.jpg,美髯公 朱仝,,
263,https://mir-s3-cdn-cf.behance.net/project_modules/2800_opt_1/5142fc94244069.5e7a12c5c17e6.jpg,鲁智深 花和尚,,
264,https://mir-s3-cdn-cf.behance.net/project_modules/2800_opt_1/c32f7494244069.5e7a12c5bdf5c.jpg,行者 武松,,
265,https://mir-s3-cdn-cf.behance.net/project_modules/2800_opt_1/29737594244069.5e7a12c5c042e.jpg,双枪将 董平,,
266,https://mir-s3-cdn-cf.behance.net/project_modules/2800_opt_1/1e967594244069.5e7a12c5bebe1.jpg,没羽箭 张清,,
267,https://mir-s3-cdn-cf.behance.net/project_modules/2800_opt_1/5cb00994244069.5e7a12c5bbac4.jpg,青面兽 杨志,,
268,https://mir-s3-cdn-cf.behance.net/project_modules/2800_opt_1/cd743794244069.5e7a12c5be546.jpg,金枪手 徐宁,,
269,https://mir-s3-cdn-cf.behance.net/project_modules/fs/1e54c074551785.5c33a072401c4.jpg,开心供励 字在千里,,
270,https://mir-s3-cdn-cf.behance.net/project_modules/fs/af343c74551785.5c33a0723f83e.jpg,开心供励 字在千里,,
271,https://mir-s3-cdn-cf.behance.net/project_modules/fs/943fb574551785.5c33a072438e2.jpg,开心供励 字在千里,,
272,https://mir-s3-cdn-cf.behance.net/project_modules/fs/b709a074551785.5c33a07244969.jpg,意气风发 朝气蓬勃,,
273,https://mir-s3-cdn-cf.behance.net/project_modules/fs/a8e1bc74551785.5c33a0723fc79.jpg,潮汕牛肉丸 弹力,,
274,https://mir-s3-cdn-cf.behance.net/project_modules/fs/4969e874551785.5c33a07242ca5.jpg,圣地亚哥电影节,,
275,https://mir-s3-cdn-cf.behance.net/project_modules/fs/2ab6e674551785.5c33a07247e17.jpg,中国二十四节气,,
276,https://mir-s3-cdn-cf.behance.net/project_modules/fs/e1ace374551785.5c33a07246d78.jpg,包装设计杂志,,
277,https://mir-s3-cdn-cf.behance.net/project_modules/fs/9406ab77769403.5c91533a240ef.jpg,中国传统纹样 精美严谨繁复 可爱,,
278,https://mir-s3-cdn-cf.behance.net/project_modules/fs/77f81677769403.5c91533a253f3.jpg,立春,,
279,https://mir-s3-cdn-cf.behance.net/project_modules/fs/ccb42677769403.5c91533a2192f.jpg,雨水,,
280,https://mir-s3-cdn-cf.behance.net/project_modules/fs/ddcd9377769403.5c91533a2276f.jpg,惊蛰,,
281,https://mir-s3-cdn-cf.behance.net/project_modules/fs/e5ecdd77769403.5c91533a22e81.jpg,春分,,
282,https://mir-s3-cdn-cf.behance.net/project_modules/fs/0f23a277769403.5c91533a25720.jpg,元宵节,,
283,https://mir-s3-cdn-cf.behance.net/project_modules/2800_opt_1/d6cd2e77769403.5c91533a2310d.jpg,玩具水枪,,
284,https://mir-s3-cdn-cf.behance.net/project_modules/fs/fede5886520329.5d9c46be97f0c.jpg,小暑,,
285,https://mir-s3-cdn-cf.behance.net/project_modules/fs/8ca11086520329.5d9c46be985ac.jpg,夏至,,
286,https://mir-s3-cdn-cf.behance.net/project_modules/fs/98566588598471.5ddb96ffa9364.png,福 康宁,,
287,https://mir-s3-cdn-cf.behance.net/project_modules/fs/6d5de488598471.5ddb96ffa73da.png,禄,,
288,https://mir-s3-cdn-cf.behance.net/project_modules/fs/51fe9688598471.5ddb96ffa0ba4.png,寿,,
289,https://mir-s3-cdn-cf.behance.net/project_modules/2800_opt_1/6de8e375660201.5c52b22a380ba.jpg,戒酒互助会,,
290,https://mir-s3-cdn-cf.behance.net/project_modules/max_1200/a2cae060558547.5a67f5e6d4bc8.jpg,怂人胆精酿,,
291,https://mir-s3-cdn-cf.behance.net/project_modules/2800_opt_1/765ed6107164217.5fa0f574d70b1.jpg,故土拓荒者,,
292,https://mir-s3-cdn-cf.behance.net/project_modules/2800_opt_1/59275a105217611.5f743c5ddcbb4.jpg,国风蒸汽朋克,,
293,https://mir-s3-cdn-cf.behance.net/project_modules/2800_opt_1/938dcb105217611.5f902ef0eec09.jpg,国风蒸汽朋克,,
294,https://mir-s3-cdn-cf.behance.net/project_modules/max_1200/37e260107292921.5fa3b1d1f3584.jpg,新常态,,
295,https://mir-s3-cdn-cf.behance.net/project_modules/max_1200/2cd867107292921.5fa3b1d202319.jpg,这感觉像是一个梦,,
296,https://mir-s3-cdn-cf.behance.net/project_modules/max_1200/486d27107292921.5fa3b1d1f3e62.jpg,永远野性,,
297,https://mir-s3-cdn-cf.behance.net/project_modules/max_1200/005e7d107292921.5fa3b1d1f0dc0.jpg,开始革命,,
298,https://mir-s3-cdn-cf.behance.net/project_modules/max_1200/c5e143107292921.5fa3b1d2043f0.jpg,这是个快乐的地方,,
299,https://mir-s3-cdn-cf.behance.net/project_modules/max_1200/23835d107292921.5fa3b1d202a53.jpg,创造你的真实,,
300,https://mir-s3-cdn-cf.behance.net/project_modules/max_1200/6b0e13107292921.5fa3b1d1f2471.jpg,我爱我自己,,
301,https://mir-s3-cdn-cf.behance.net/project_modules/max_1200/4dda7d107292921.5fa3b1d200eab.jpg,害怕外面的世界,,
302,https://mir-s3-cdn-cf.behance.net/project_modules/max_1200/73f29a107292921.5fa3b1d1f1cae.jpg,海洋是满的 因为所有人都在哭泣 满月在涨潮时寻找朋友,,
303,https://mir-s3-cdn-cf.behance.net/project_modules/max_1200/40c460107292921.5fa3b1d20737e.jpg,世界是吸血鬼,,
304,https://mir-s3-cdn-cf.behance.net/project_modules/max_1200/8b3c2e72587023.5bed4cc7a2d75.jpg,朋克造型的杀马特小鸡,,
305,https://mir-s3-cdn-cf.behance.net/project_modules/2800_opt_1/ece2e378738211.5cadae3ebb34e.jpg,蒸汽波 好奇与迷恋,,
306,https://mir-s3-cdn-cf.behance.net/project_modules/2800_opt_1/89fea6101594235.5f22396021bf7.jpg,泳池,,
307,https://mir-s3-cdn-cf.behance.net/project_modules/max_1200/951f58103737691.5f538fbb63cd7.jpg,黑暗恐怖,,
308,https://mir-s3-cdn-cf.behance.net/project_modules/fs/197baa102881953.5f407851b0f06.jpg,绯闻女孩,,
309,https://mir-s3-cdn-cf.behance.net/project_modules/2800_opt_1/69488f101594317.5f2239c62c75b.jpg,泳池 感觉,,
310,https://mir-s3-cdn-cf.behance.net/project_modules/2800_opt_1/f57c37101594541.5f223b7ce17ab.jpg,泳池 游泳,,
311,https://mir-s3-cdn-cf.behance.net/project_modules/max_1200/b3c220106296825.5f8d2b0660431.jpg,蒸汽波 波谱,,
312,https://mir-s3-cdn-cf.behance.net/project_modules/max_1200/02a8cd55490343.5986d4c3eaae1.jpg,海洋朋克,,
313,https://mir-s3-cdn-cf.behance.net/project_modules/1400_opt_1/26081865840307.5b02a58f142b8.jpg,佛山电子音乐节,,
314,https://mir-s3-cdn-cf.behance.net/project_modules/2800_opt_1/ef43a973190025.5c010abc86c12.jpg,爆冰凉茶 奇幻 冲破次元 大胆想象,,
315,https://mir-s3-cdn-cf.behance.net/project_modules/2800_opt_1/d81fe773190025.5c010abc890b6.jpg,抱着冰球在冲浪的小熊 饮爆冰凉茶 翱翔魔法,,
316,https://mir-s3-cdn-cf.behance.net/project_modules/2800_opt_1/326b2973190025.5c010abc874f3.jpg,在柠檬月亮上荡秋千的北极熊 水管的大象在爆炸开的青柠星球上游走 泡泡情侣 ,,
317,https://mir-s3-cdn-cf.behance.net/project_modules/2800_opt_1/fb7611106890281.5f9a294568517.jpg,火锅面 翻滚热烈,,
318,https://mir-s3-cdn-cf.behance.net/project_modules/2800_opt_1/5c0948106890281.5f9a294566159.jpg,酸辣 潮酷个性,,
319,https://mir-s3-cdn-cf.behance.net/project_modules/2800_opt_1/a0c3a1106890281.5f9a294565b80.jpg,臭臭 暗黑气质,,
320,https://mir-s3-cdn-cf.behance.net/project_modules/fs/69297267655915.5b41bcea28ddc.jpg,朋克之春,,
321,https://mir-s3-cdn-cf.behance.net/project_modules/fs/45456667655915.5b41bcea279ac.jpg,朋克之春,,
322,https://mir-s3-cdn-cf.behance.net/project_modules/1400_opt_1/f80bc287038203.5e6b24a3d6a3f.png,酒厂 日出小通巷，精酿啤酒,,
323,https://mir-s3-cdn-cf.behance.net/project_modules/fs/c07c5187539723.5dbb07dd9a27e.jpg,甜甜圈,,
324,https://mir-s3-cdn-cf.behance.net/project_modules/fs/f7300094731051.5e86041b9e3c3.jpg,薏仁,,
325,https://mir-s3-cdn-cf.behance.net/project_modules/fs/4e62e994731051.5e86041bb9610.jpg,红豆,,
326,https://mir-s3-cdn-cf.behance.net/project_modules/fs/ac542094731051.5e86041bd9faa.jpg,黑豆,,
327,https://mir-s3-cdn-cf.behance.net/project_modules/fs/0f352094731051.5e86041c0fe58.jpg,荞麦,,
328,https://mir-s3-cdn-cf.behance.net/project_modules/fs/72deb3104977905.5f6eb06f85b54.png,喜来吧 大大的演 爽爽的演 游园会,,
329,https://mir-s3-cdn-cf.behance.net/project_modules/fs/576961101593551.5f223530759c5.png,虚幻生命 混种转殖与创生,,
330,https://mir-s3-cdn-cf.behance.net/project_modules/fs/613790100705405.5f0ebb6dd3e36.png,夏日跳岛大作战,,
331,https://mir-s3-cdn-cf.behance.net/project_modules/max_1200/82e752100704811.5f0eb81637f65.png,有你真好 孩子们的电影院 看见宝贝小宇宙,,
332,https://mir-s3-cdn-cf.behance.net/project_modules/1400_opt_1/d4424299096727.5f97827e5014b.png,时光胶囊旅行团,,
333,https://img.zcool.cn/community/01eea55f383ae7a801215aa05e2f90.jpg@1280w_1l_2o_100sh.jpg,天津文化 年画 杨柳青 莲花 锦鲤 扇子,,
334,https://mir-s3-cdn-cf.behance.net/project_modules/fs/e58f2d104732113.5f69b858aaf35.png,夏日购 预热期,,
335,https://mir-s3-cdn-cf.behance.net/project_modules/fs/c9ab09104732113.5f69b858a8d0c.png,夏日带入感 水果饮料 火龙果西瓜 夏季水果 冰淇淋果汁 热烈狂欢 苏打水 热力四射,,
336,https://mir-s3-cdn-cf.behance.net/project_modules/fs/3ee219104732113.5f69b858a5935.png,阳光海滩 明亮 夏天 活跃的气氛 水上运动 玩在其中 ,,
337,https://mir-s3-cdn-cf.behance.net/project_modules/fs/12ea77104732113.5f69b858aca0b.png,热闹的夏日雪糕派对 蒸汽波 炫酷感和游戏感 冰淇淋 冰饮,,
338,https://mir-s3-cdn-cf.behance.net/project_modules/fs/b6cd4e101906501.5f2a199036e33.jpg,开发者沙龙 中国风,,
339,https://mir-s3-cdn-cf.behance.net/project_modules/fs/39528099815723.5efb3e78e5503.jpg,蚩尤九黎 之徒,,
340,https://mir-s3-cdn-cf.behance.net/project_modules/max_1200/162e4c97104607.5ebd5c46243e5.jpg,绝唱再见永别,,
341,https://mir-s3-cdn-cf.behance.net/project_modules/fs/3e9f7997104305.5ebd5ae9f40d0.jpg,半截观音戏打坐大圣 西游记,,
342,https://img.zcool.cn/community/0116ef5d37d445a8012187f4f254ad.jpg@1280w_1l_0o_100sh.jpg,花木兰,,
343,https://img.zcool.cn/community/019a855bebe19fa80121ab5d063975.jpg@1280w_1l_2o_100sh.jpg,运动 希腊的胜利女神,,
344,https://img.zcool.cn/community/0139cd5bc05ffea8012099c8e03979.jpg@1280w_1l_2o_100sh.jpg,人性的本质 人类善恶的争论,,
345,https://img.zcool.cn/community/0125a55bbec4aca8012099c83f0f26.jpg@1280w_1l_2o_100sh.jpg,美杜莎 美丽的女孩 毒蛇般的海洋 美人成为怪物 蛇的女王,,
346,https://www.zcool.com.cn/work/ZMzEwODY5ODg=.html,探索奇妙世界重生 探索 未知 未来,,
347,https://img.zcool.cn/community/01b4105bac48bfa801213dea6574fa.png@1280w_1l_2o_100sh.png,绿色心情,,
348,https://img.zcool.cn/community/0186665aeff259a801206aba021474.jpg@1280w_1l_2o_100sh.jpg,啤酒生来自由,,
349,https://img.zcool.cn/community/01c0485ad45f5ca801204029c83854.jpg@1280w_1l_2o_100sh.jpg,高校街舞赛事,,
350,https://img.zcool.cn/community/01529d5a45aba5a801219741c87726.jpg@1280w_1l_0o_100sh.jpg,茅台 汉朝时期 酿酒,,
351,https://img.zcool.cn/community/0130f659edae81a801202b0cc78155.jpg@1280w_1l_2o_100sh.jpg,攻壳机动队 日本艺伎,,
352,https://cdnb.artstation.com/p/assets/images/images/025/208/105/large/ching-yeh-doom.jpg?1585020080,他们恐惧的事情是你,,
353,https://cdna.artstation.com/p/assets/images/images/025/898/566/large/ching-yeh-assault.jpg?1587280024,没有武器,,
354,http://modernsky-website.oss-cn-beijing.aliyuncs.com/resource/image/1571383956919.jpg,泰山上的孔雀 孤高而圣洁 现代复古,,
355,https://assets.fireside.fm/file/fireside-images/podcasts/images/d/d46af9dd-16b7-4c48-80d1-366530653afa/episodes/3/31462fcd-494c-4bf2-a639-e783b57efbd9/cover_medium.jpg?v=1,保持思想独立是一种生活方式,,
356,https://upload1.artron.net/young/2018/0612/1528774739_349211.jpg,独特的方式去追寻自我 享受生活,,
357,https://upload1.artron.net/young/2018/0612/1528774741_729762.jpg,独特的方式去追寻自我享受生活,,
358,https://upload1.artron.net/young/2018/0612/1528774743_372367.jpg,独特的方式去追寻自我享受生活,,
359,https://lh3.googleusercontent.com/proxy/kVeJqvtr6kkHalQuzyUMyxHEokEF4ociSkwAM_LggLpF6MYeyVDU-TNbIyWKSiGtqRFhH2j6hOGc1TyqwBfWWf8JbsYauR7XiTOV81053TZ0ytsbVAHSOp1N,尽情做自己 前所未见的亚文化狂欢,,
360,https://img9.doubanio.com/pview/event_poster/raw/public/93973bb0e852c8a.jpg,反叛态度的新解读,,
361,https://mir-s3-cdn-cf.behance.net/project_modules/2800_opt_1/f008dd102237451.5f321ad0df8b2.jpg,赛博朋克千手观音,,
362,https://mir-s3-cdn-cf.behance.net/project_modules/fs/30710c80657511.5ce72f2a281bb.jpg,至尊桃子 巨型苹果和巨型芒果,,
363,https://mir-s3-cdn-cf.behance.net/project_modules/2800_opt_1/5344ba108093833.5fb60b267a52e.jpg, 糖 甜言蜜语,,
364,https://mir-s3-cdn-cf.behance.net/project_modules/2800_opt_1/1659d7108093767.5fb60aa4c48a6.jpg,夜深人静,,
365,https://mir-s3-cdn-cf.behance.net/project_modules/max_1200/8d55ba100145579.5f02dec7e102f.jpg,香蕉 糖果 遙控器 生活本就该是一块巧克力。,,
366,https://mir-s3-cdn-cf.behance.net/project_modules/2800_opt_1/90cc2277613379.5c8e0fd6727b3.jpg,筑梦云端 城就未来 赛博城市,,
367,https://mir-s3-cdn-cf.behance.net/project_modules/max_1200/aaaf4079476017.5cc41247d0c3a.png,冒险精神 破土重生 至死不休 永不停歇的冒险精神和勇敢追求真我的疯狂执念,,
368,https://mir-s3-cdn-cf.behance.net/project_modules/2800_opt_1/4800ac102381269.5f3522cce7834.png,天猫家居节,,
369,https://mir-s3-cdn-cf.behance.net/project_modules/1400_opt_1/f80bc287038203.5e6b24a3d6a3f.png,精酿啤酒 日出小通巷 绯红色IPA 西柚香气 温暖的烘烤面包和点到为止的苦味,,
370,https://mir-s3-cdn-cf.behance.net/project_modules/1400_opt_1/64498293799831.5e6e47a28e9d5.png,国家的宝藏,,
371,https://mir-s3-cdn-cf.behance.net/project_modules/fs/603989107851643.5fb0c716c27d7.jpg,红汤回头客水加胡椒,,
372,https://mir-s3-cdn-cf.behance.net/project_modules/fs/603989107851643.5fb0c716c27d7.jpg,周末日记 流水它带走光阴的故事改变了我们,,
373,https://mir-s3-cdn-cf.behance.net/project_modules/fs/cd26fc107851643.5fb0c716c351f.jpg,办证刻章 警察巡逻,,
374,https://mir-s3-cdn-cf.behance.net/project_modules/fs/cd26fc107851643.5fb0c716c351f.jpg,时代的悲痛者 自我隔离,,
375,https://mir-s3-cdn-cf.behance.net/project_modules/fs/d00c98107851643.5fb0c716c125f.jpg,时代小青年 遛狗玩猫 时光大好,,
376,https://mir-s3-cdn-cf.behance.net/project_modules/1400_opt_1/1b413593289347.5e660228ec4a6.png,强烈 新颖 年轻气息,,
377,https://mir-s3-cdn-cf.behance.net/project_modules/fs/26fb67107851643.5fb0c716c1eb7.jpg,释放 生活那么丧 一起大声唱,,
378,https://mir-s3-cdn-cf.behance.net/project_modules/fs/26fb67107851643.5fb0c716c1eb7.jpg,夏天 夏日,,
379,https://mir-s3-cdn-cf.behance.net/project_modules/fs/0d393a107851643.5fb0c716c3a20.jpg,人间浪漫个屁,,
380,https://mir-s3-cdn-cf.behance.net/project_modules/fs/0d393a107851643.5fb0c716c3a20.jpg,流浪汉 他在路边凝视远方 留影机,,
381,https://mir-s3-cdn-cf.behance.net/project_modules/2800_opt_1/269886108093705.5fb60a321c089.jpg,猎狗,,
382,https://mir-s3-cdn-cf.behance.net/project_modules/2800_opt_1/c17f87108093591.5fb60962ac356.jpg,贝斯 地球流浪者,,
383,https://mir-s3-cdn-cf.behance.net/project_modules/fs/310395108093501.5fb608d12e058.jpg,地球流浪者 警戒区域,,
384,https://mir-s3-cdn-cf.behance.net/project_modules/2800_opt_1/ef1054108092831.5fb604586e5e5.jpg,夜深人静,,
385,https://mir-s3-cdn-cf.behance.net/project_modules/fs/bbbc5270182763.5b9aa15079d7e.png,为未来设计,,
386,https://mir-s3-cdn-cf.behance.net/project_modules/max_1200/3f983c83360927.5d39b84c2a38c.jpg,放松 异想 游戏 故障,,
387,https://mir-s3-cdn-cf.behance.net/project_modules/fs/a562f686053677.5d8dd6eac1c37.jpg,梦幻迷离香港,,
388,https://mir-s3-cdn-cf.behance.net/project_modules/max_1200/e7ca5086053677.5d8dd6eabf82e.jpg,活力多元的东方世界,,
389,https://mir-s3-cdn-cf.behance.net/project_modules/max_1200/35331686053677.5d8dd6eabfd8e.jpg,夜晚香港霓虹灯招牌独特,,
390,https://mir-s3-cdn-cf.behance.net/project_modules/max_1200/c3a93b86053677.5d8dd6eac03f1.jpg,香港色彩斑澜的夜景,,
391,https://mir-s3-cdn-cf.behance.net/project_modules/max_1200/ddb2f286053677.5d8dd6eac0f05.jpg,色彩缤纷 霓虹灯,,
392,https://mir-s3-cdn-cf.behance.net/project_modules/max_1200/39440586053677.5d8dd6eac155f.jpg,废墟建筑 反乌托邦 奇异色彩,,
393,https://mir-s3-cdn-cf.behance.net/project_modules/2800_opt_1/d25c8686064703.5d8e1a0d4ffe7.png,爱死亡机器人,,
394,https://mir-s3-cdn-cf.behance.net/project_modules/max_1200/0ce64f87994133.5dc951a0b1515.jpg,香港色彩斑澜的夜景反乌托邦,,
395,https://mir-s3-cdn-cf.behance.net/project_modules/max_1200/522de387994133.5dc951a0b21fe.jpg,色彩缤纷 霓虹灯 废墟建筑 反乌托邦,,
396,https://mir-s3-cdn-cf.behance.net/project_modules/2800_opt_1/15a7f488034581.5dca5fce3e541.jpg,赛博朋克,,
397,https://mir-s3-cdn-cf.behance.net/project_modules/max_1200/bdf8ec95510565.5e98e34ab79b1.jpg,功夫 钛刚般若掌,,
398,https://mir-s3-cdn-cf.behance.net/project_modules/2800_opt_1/a0448394341439.5e7c6a9f293b3.jpg,东方主义的建筑和宗教色彩,,
399,https://mir-s3-cdn-cf.behance.net/project_modules/2800_opt_1/b3f53495463113.5e980054f3899.jpg,赛博朋克 东方 能源危机,,
400,https://mir-s3-cdn-cf.behance.net/project_modules/fs/fd961994834491.5e88b0335c2a5.png,潜伏,,
401,https://mir-s3-cdn-cf.behance.net/project_modules/fs/faf40f94834491.5e88b0335d32c.png,坠落,,
402,https://mir-s3-cdn-cf.behance.net/project_modules/fs/f2aacf98340749.5ed9db1882bf6.jpg,在太阳底下,,
403,https://mir-s3-cdn-cf.behance.net/project_modules/fs/1c7acc98340749.5ed9db188453a.jpg,在太阳底下,,
404,https://mir-s3-cdn-cf.behance.net/project_modules/2800_opt_1/2af48596156807.5ea828a865eea.jpg,自毁 机器人时代,,
405,https://mir-s3-cdn-cf.behance.net/project_modules/2800_opt_1/f5f8be96156807.5ea828a8a5394.jpg,生化人的自我觉醒与消亡,,
406,https://mir-s3-cdn-cf.behance.net/project_modules/2800_opt_1/e8dd4c96156807.5ea828a8e2eef.jpg,自毁 未来感实验室,,
407,https://mir-s3-cdn-cf.behance.net/project_modules/fs/57b1bb90151711.5e13f51074407.jpg,晚安条通 离去时的叮咛与道别,,
408,https://mir-s3-cdn-cf.behance.net/project_modules/1400_opt_1/74269090149901.5e27dd831f79a.jpg,柔软而立体 探索实验计画 台湾文化浪漫想像,,
409,https://mir-s3-cdn-cf.behance.net/project_modules/max_1200/0cce0a83691279.5d440514dfb17.jpg,非官方博物馆档案,,
410,https://mir-s3-cdn-cf.behance.net/project_modules/1400_opt_1/62b7a398755901.5ee334fa58f4b.jpg,逃离2020 蝴蝶效应,,
411,https://mir-s3-cdn-cf.behance.net/project_modules/1400_opt_1/802f0096158063.5ea82ded04026.jpg,强心剂,,
412,https://mir-s3-cdn-cf.behance.net/project_modules/max_1200/36f3ee96157795.5ea82cc8cd749.jpg,沙漠音乐节,,
413,https://mir-s3-cdn-cf.behance.net/project_modules/max_1200/5c255a96157795.5ea82cc88ba8e.png,沙漠音乐节,,
414,https://mir-s3-cdn-cf.behance.net/project_modules/1400_opt_1/5515a796156313.5ea826a760707.jpg,零的记号 密码索引书,,
415,https://mir-s3-cdn-cf.behance.net/project_modules/1400_opt_1/38bb5795677067.5e9d57ad076cb.jpg,赛博控制,,
416,https://mir-s3-cdn-cf.behance.net/project_modules/fs/cda03a74687105.5c372cae5bd41.jpg,彭罗斯三角,,
417,https://mir-s3-cdn-cf.behance.net/project_modules/1400_opt_1/bba0c596155471.5ea822881634e.jpg,在沙漠自我隔离,,
418,https://mir-s3-cdn-cf.behance.net/project_modules/1400_opt_1/4fc15a96156017.5ea82516a99d6.jpg,赛博饕餮,,
419,https://mir-s3-cdn-cf.behance.net/project_modules/1400_opt_1/02b8e199799451.5efaf4713f21c.jpg,文化动动动 新旧 碰撞 多元,,
420,https://mir-s3-cdn-cf.behance.net/project_modules/1400_opt_1/e5fc6888155839.5dcd829c6b8bb.jpg,奇幻世界,,
421,https://mir-s3-cdn-cf.behance.net/project_modules/disp/d898a097258571.5ec125c29eab2.jpg,新感觉,,
422,https://s2.showstart.com/img/2020/1122/13/00/2c6f8b71b12c46d9b7f178ec8704e2cc_600_800_190831.0x0.jpg,暗夜行路 真实 勇敢 有血有肉,,
423,https://s2.showstart.com/img/2020/1118/19/00/7ed61e8ae4704f86b7a427175845ecd0_600_800_137645.0x0.jpg,螺丝刀 有趣 天马行空 年轻人 生活态度,,
424,https://s2.showstart.com/img/2020/1119/13/30/930e13d3d1084edbb99537da8ed92c7d_600_800_164629.0x0.jpg,青秀绿野 面向世界 全人类 破而后立 重塑新生,,
425,https://s2.showstart.com/img/2020/1203/15/30/6e66781eabee4112bef0d1fa44f8fee1_600_800_135836.0x0.jpg,躁动或静谧 难忘的夜晚,,
426,https://s2.showstart.com/img/2020/1027/18/30/ba80e357caf84e908e1c890c4803d429_600_800_109081.0x0.jpg,处处甜心 深水,,
427,https://s2.showstart.com/img/2020/1010/13/00/63b8a6926f3d4ed3a13d003419ea410b_600_800_101220.0x0.jpg,桃子星球 镜子隧道 时间和海浪 美好的生活碎片,,
428,https://s2.showstart.com/img/2020/1113/14/00/ad7bd04984ea4ee9ad8ae447a3e3bc9f_600_800_143026.0x0.jpg,谜声 序章深绿海 谜屐,,
429,https://s2.showstart.com/img/2020/1124/18/30/149571df1bd049e29860be82dc5d4f54_600_800_185483.0x0.jpg,野猎新声 野猫,,
430,https://s2.showstart.com/img/2020/1130/17/00/8ecac9b8801e4e2d9d83b18e4091c907_600_800_205032.0x0.jpg,磁场空间 浪漫告白 年轻 潮,,
431,https://s2.showstart.com/img/2020/1117/15/00/5855dc433e4b4539ba94b334d16c051c_600_800_242982.0x0.jpg,鲸落 東京茶 丢海 新生,,
432,https://s2.showstart.com/img/2020/1204/14/30/781fc0275cfc438c919615bc35992895_2480_3508_2225970.0x0.jpg?imageMogr2/thumbnail/640x/gravity/Center/crop/640x,麦克风战士 守擂人,,
433,https://s2.showstart.com/img/2020/1119/10/30/f4f5557dfb8b402f904ef0a55b6fb401_600_800_472143.0x0.jpg,"热忱诚恳又绵绵不绝的痛苦与欢乐 声音编织 美妙
",,
434,https://s2.showstart.com/img/2020/1005/18/30/ec32732750a043dab41181892cf149aa_600_800_156563.0x0.jpg,"否极泰来， 等柳暗花明，会否极泰来，



千呼万唤，万物共生，否极泰来。



病毒盛极而衰，人类否极泰来，中国否极泰来，听者否极泰来，歌者否极泰来。



生命周而复始，未来否极泰来。
",,
435,https://s2.showstart.com/img/2020/1113/19/00/314e6d8bf0d845649b03933530dddf6f_600_800_103860.0x0.jpg,柏林护士/固体李逵/Deep Water。仿佛摇滚乐的浪漫梦境，不知何时停止，但愿长梦不醒，一次粗粝和柔软结合,,
436,https://s2.showstart.com/img/2020/1123/13/30/b0929e3fe19f4733bb023fdc3d488d8b_600_800_148514.0x0.jpg,别穿太多，出汗得脱：随机宇宙/千败/机车男孩，全程高能的演唱与演奏。脱掉你的外套，一起来出点汗吧！,,
437,https://s2.showstart.com/img/2021/0104/22/00/fc96a9b4761b41daaddacfdc4bd9e579_600_800_177742.0x0.jpg,橘子脱口秀|奕桥开放麦,,
438,https://s2.showstart.com/img/2021/0103/23/00/370b21e57c9d433a986d4f0116f3dac1_600_800_127377.0x0.jpg,硬核喜剧脱口秀,,
439,https://s2.showstart.com/img/2020/1215/17/30/ae272721defb428cb12fa977bb6c2989_600_800_65882.0x0.jpg,荒诞科幻喜剧《马美好》用科幻元素讲一个身体和身份错位的荒诞故事，一连串啼笑皆非的事故之下是对社会问题的理性隐喻。,,
440,https://s2.showstart.com/img/2020/1124/18/30/c04a1b7532464e8d978e8f6664bb738a_600_800_124082.0x0.jpg,于意YEE「碎片」柔软缱绻的编曲风格，加上YEE惯有的坚硬歌词，演绎了一部属于YEE的“公路电影”。零碎的自我在望不到尽头的公路里一路奔驰，只为了能够遇到另一个完整的自己。,,
441,https://s2.showstart.com/img/2020/1222/16/30/1edf451549754c99aae343c54a58549a_600_800_173333.0x0.jpg,今晚属于我们”脑浊乐队,,
442,https://s2.showstart.com/img/2020/1125/12/30/707f49cee6eb436dafd8153d4d621b8b_600_800_175985.0x0.jpg,"浪漫包邮：冬日温暖速递！离开有氧的时间

广播浪漫主义的谎言

酒精游走漂浮停留

窒息让人清醒咳嗽



喝一杯糖水就跟我走吧

轻声唱歌

沙沙沙 沙沙沙

我们溺死在这温温热热的浪漫漩涡里

冬天的太阳也对你笑了",,
443,https://s2.showstart.com/img/2020/1201/15/00/edcbcb0cdb1f47afa2faeed77e7b1ed5_600_800_161826.0x0.jpg,"昌平盛世champion sense巡演主题“昌平盛世”这个名字正是源自于英语“champion sense”的谐音梗，正如乐队名字一样充满了玩世不恭的自嘲意味。



“反正这个世界都已经糟糕成这样子了，那为什么不开心点呢？”",,
444,https://s2.showstart.com/img/2020/1217/11/30/ca67c6e3462a48ab9667b7c8c504b6ec_600_800_761862.0x0.jpg,"地域门猛兽 摆脱2020给世界带来的阴霾，

地域门带着新生和力量如猛兽般向2021初始袭来。

活力 激情 新奇 韵律 你们要的在这个夜晚都将把你们淹没。

西安一个古老的城域，

在2021年将迎来新生能量的说唱防御，

新年重启，

披荆斩棘，

做个猛兽带你们冲破地域的阻碍一起冲向说唱的盛宴！",,
445,https://s2.showstart.com/img/2020/1203/11/30/e3c54684dab54c95ab870d755ed41827_600_800_111074.0x0.jpg,"耳光乐队2021年“送瘟神”庚子动荡 祸乱纷纷

新愁旧恨 搅闹乾坤

没了安稳 迷了方寸

无亏心也 怕鬼敲门

病毒不分 好人坏人

福祸相邻 信念为根

培元固本 去伪存真

祈送瘟神 万众归心",,
446,https://s2.showstart.com/img/2020/1229/18/00/0265e3e6226145469b73ae68af19706e_600_799_218817.0x0.jpg,闽南·YOUNG”龙舟唱晚音乐节特别现场-LOYAL MUSIC专场,,
447,https://s2.showstart.com/img/2020/1223/15/30/ab48b15d1ec0431195e716bc94a30f5f_600_800_190200.0x0.jpg,阿公强迫我们组乐团来表演超甜的爵士乐，我们强迫什么都能表演的海象。此场演出老派而不老土、甜蜜而不甜腻、轻松而不轻浮、摇摆而不摇滚、分享音乐而不分解和弦。动静结合，老少皆宜。,,
448,https://s2.showstart.com/img/2020/1203/10/00/8f8b8dcb073e45a998bde6ecc82f0ca7_600_800_121699.0x0.jpg,复古风潮汹涌来袭，DISCO FUNK 带你穿越去蹦迪。FUNK就是这样，随着音乐的深入，大家都拥挤在舞台前方一起摇摆，,,
449,https://s2.showstart.com/img/2021/0104/16/30/86116958fa904e2f9ee3ff9b812afdd3_600_800_156617.0x0.jpg,野猎新声×夜猫特别呈现：“野猫专场”,,
450,https://s2.showstart.com/img/2021/0103/22/30/bb2ff936e61842dfaaa737b14f627cd1_600_800_829393.0x0.jpg,银河爱的初体验迪斯科排队，2021银河迪厅派对新征途，将复古DISCO进行到底,,
451,https://s2.showstart.com/img/2020/1229/19/00/4df6bf25053d40908e7e8769b13b6da9_600_799_160170.0x0.jpg,"十二星座之摩羯座，摩羯座是象征着冬天开始的星座，

是天使与魔鬼兼并融合的星座。

摩羯座的人踏实温润，

他们有很强的主观意识，

徘徊在理想与现实之间的。

在这寒冷的冬日，来夜猫俱乐部，邂逅浪漫！",,
452,https://s2.showstart.com/img/2020/1224/18/30/d3a74456920b46ffaf6650f6bce91073_600_800_256806.0x0.jpg,夜猫俱乐部酒水畅饮，多面体,,
453,https://s2.showstart.com/img/2020/1123/16/00/88a19f039245405f87787ef1cb84f0a1_600_800_86452.0x0.jpg,我爱你”低苦艾大乐队，一勺最甜的蜂蜜,,
454,https://s2.showstart.com/img/2020/1029/16/00/7fe005c6863944c991a06d298cee0a33_600_800_211702.0x0.jpg,走歌人20》暗杠巡演，他用诚挚的歌声和作品向我们表现着他对音乐的态度,,
455,https://s2.showstart.com/img/2021/0104/17/00/23437aa8159543d4880ab8379343e0cb_600_800_187537.0x0.jpg,"新月初升。幽光浸洗着海上的森林，森林中寥寂深深，还滴着黄昏时分的新雨。云母面就了般的白杨行道，坦坦地在我面前导引，引我向沉默的海边徐行。

 

请借件缟素的衣裳给我。

请提起你幽渺的波音和我。
",,
456,https://s2.showstart.com/img/2020/1207/05/30/44ccd8fcfdde4aa78bc3b7786d706964_600_800_150715.0x0.jpg,NO overtaking 禁止超车,,
457,https://s2.showstart.com/img/2020/1227/12/30/5d43319773994e268d0526e44e3263fc_600_800_156816.0x0.jpg,冬日Winter派对。这个夜晚，有橙色的奇迹，有白色相簿的回忆，也有燃炸全场的金属摇滚，以及最新潮的“海澜之家,,
458,https://s2.showstart.com/img/2021/0103/23/00/8db98efa2f23491eacb63f0cdf04b9bd_600_800_962715.0x0.jpg,"银河我们的80年代DISCO蹦迪。80年代是我们开始接触流行的起始年代

在这个时代我们开始接触香港乃至海外的流行文化

涌现了一大批脍炙人口的金曲

我们这场派对旨在将这些曾经辉煌的金曲重现

同时加入一些千禧年音乐的元素

让大家快速在时空中穿梭",,
459,https://s2.showstart.com/img/2020/1128/16/30/d7c4f6bec51748d9ac0b23cf3b31aadb_600_800_212137.0x0.jpg,姜云升·十三城个人巡演「第九百步」昏黄之光点此刻已如太阳。,,
460,https://s2.showstart.com/img/2020/1204/17/00/a83db4a9885649ed9f30559625e7d867_600_800_172989.0x0.jpg,"迟来的爱 朋克专场 指人儿败犬堆填区。令人沸腾的青春热血朋克 指人儿

让人翩翩起舞的Ska Punk 败犬

荷尔蒙爆表的南方朋克 堆填区



迟来的爱，不褪色！",,
461,https://s2.showstart.com/img/2020/1214/23/00/521486256b1f4024b56e68ab7b3a7ad6_600_799_166429.0x0.jpg,傲慢年会”西安专场。SNOOTY CREW作为一个扎根于街头的街头潮流品牌，与HIPHOP的精神定是密不可分。2021年伊始，我们将举行一场派对，在这里有最纯正的说唱，街舞等。我们有不下于十个服装/球鞋/饰品/洗护等领域各个的兄弟品牌拿出自己的产品作为福利送给观众作为大家对品牌一直以来的支持作为感谢。其中穿插说唱演出，街舞演出与游戏环节，是一场活跃于LIVE HOUSE的热情派对。,,
462,https://s2.showstart.com/img/2020/1228/12/00/a9ab92926bdb40038b525ef33f8a9d08_600_800_206195.0x0.jpg,爱莲说AlienSaid VOL.9 封箱春晚。莲 出淤泥而不染，浊清涟而不妖，我们保持自己，也在这里的舞台说最真的话，告诉所有人听。,,
463,https://s2.showstart.com/img/2020/1230/15/00/3f320392d7314cb4b2468ec7ec9bfe14_600_800_311284.0x0.jpg,"解冻---2021囚牛×惊蛰后。手指探河，净是碎冰的涟漪

东风劲，抚过皲裂的大地

引龙归位，众神起

而你，摘一片叶，已然春的气息

 

“我想出门，看看春天”——诗人徐电。“受伤后应急综合症”的修复疗法。",,
464,https://s2.showstart.com/img/2020/1204/19/30/a1e5882717984e3a8d8ae0df0f58d87f_600_800_104873.0x0.jpg,闹海NAOHAI。风格受到噪音吉他，朋克，另类，数学，器乐摇滚影响，揉杂却又独树一帜，他们变换莫测的巨大声浪让人仿佛经历一次凶险的旅程，危机重重却又充满希望。,,
465,https://s2.showstart.com/img/2020/1221/18/30/1c350552a96e4569b64fc776fe76ff3e_600_800_249770.0x0.jpg,C-Low新专偷听会 一月在月球,,
466,https://s2.showstart.com/img/2020/1209/05/30/6fc40f1b2e7b462f9bc0a1ac693c5044_600_800_226312.0x0.jpg,"哦豁OHUO!」 白纸扇/小缪/阁楼演奏班。2020年很遗憾

没有一件事是称展的

就很“哦豁”！",,
467,https://s2.showstart.com/img/2020/1225/18/00/48ed7c0cf2054509835699e1d1e369b0_600_800_221137.0x0.jpg,NASTYFEST 新派重型之夜。现场感染力和霸气张扬的台风吸引了诸多重型听众,,
468,https://s2.showstart.com/img/2020/1223/17/30/9f4cc7ac745a4f209e0feb3ec70be617_600_800_173267.0x0.jpg,败犬乐队魔鬼的声音Vol.1西南突击。生猛的活力及悲悯的气息给你寒冬中的清醒一击。,,
469,https://s2.showstart.com/img/2020/1225/15/00/36204e4b5b454ad7b493e3a9e2ad9244_600_799_208323.0x0.jpg,Punk Night 朋克冬夜,,
470,https://s2.showstart.com/img/2020/1223/17/30/52727f9096de427396ec18f46e50f1f2_600_800_171098.0x0.jpg,"嘿！想好周末怎么过了么？



除了重复那些日常，你还能做什么？



日子无聊，别让周末也无聊！



还有什么能比和乐迷们一起疯，和喜欢的乐队一起跳更让人快乐？



只有在演出现场，我们才能肆意宣泄自己的情绪，感受真实，享受快乐，终结无聊。



那么，我们就用这种方式度过明年的周末吼不吼哇！



别让音乐停下！
",,
471,https://s2.showstart.com/img/2020/1202/17/00/20652365fac2432d80b9dc4eb6f5b57b_2000_2667_2267533.0x0.jpg?imageMogr2/thumbnail/640x/gravity/Center/crop/640x,"嘿！想好周末怎么过了么？



除了重复那些日常，你还能做什么？



日子无聊，别让周末也无聊！



还有什么能比和乐迷们一起疯，和喜欢的乐队一起跳更让人快乐？



只有在演出现场，我们才能肆意宣泄自己的情绪，感受真实，享受快乐，终结无聊。



那么，我们就用这种方式度过明年的周末吼不吼哇！



别让音乐停下！",,
472,https://s2.showstart.com/img/2020/1229/18/00/b88b371b89ba49a3bb0e66241457029b_600_799_207776.0x0.jpg,声鸣大燥。热血青春、火力全开、声名大噪、不负韶华,,
473,https://s2.showstart.com/img/2020/1225/03/30/7719440e7ae64644883d42e13868002b_600_800_205277.0x0.jpg,"总得找点别的办法。年轻人克服不了任何问题。生活一般只挑年轻人毒打，无能为力和无能狂怒是我们的常态。
",,
474,https://s2.showstart.com/img/2020/1217/15/00/275ba9692a734a79abba42e12ff41586_600_800_1295570.0x0.jpg,MooNeon」霓月嘻哈派对,,
475,https://s2.showstart.com/img/2020/1208/21/00/8ad5c830e02b4437a5d6ddd9a3662db6_600_800_177314.0x0.jpg,"木马乐队「旧城之王。星旗电戟，兵临城下，战马不断呼出白气在缰绳上凝成冰渣，夕阳在一望无际的盔尖钢刃上聚成光芒，首领漠然注视着士兵眼睛的海洋，如同星空宇宙般辽阔宽广。



空城中，金殿内，爱似蜜，暖如春，城主醉眼惺忪，袒胸半躺，合着丝竹韵哼唱，身边宫娥裙袖飞扬，眼波流转，秀眉如刀，笑颦间，又似有杀戮气藏于眼角。
",,
476,https://s2.showstart.com/img/2020/1214/17/30/3843b59496014eabad682df6c1b8b037_600_800_206194.0x0.jpg,Shanghai Qiutian新专辑《家：革命》。《家：革命》是一首关于寻找家的颂歌，一个关于生活的故事，一次不断追寻意义的旅程。,,
477,https://s2.showstart.com/img/2020/1215/13/00/98ad26e0453446ceb7a4f37428452368_600_800_184166.0x0.jpg,泰山乐队“OK！这很隔壁。去到每一个乐迷在的城市用最诚挚的音乐舞台回馈她们，与大家一起创造彼此之间“初次的美好回忆”,,
478,https://s2.showstart.com/img/2020/1223/16/00/ec2cf5b20b694b738ccfa5b55d67c9ce_600_800_238886.0x0.jpg,"微象夸克/桃园十五点「假象。这个梦好像是全部，连自己也是其中一部分，从来没有怀疑，安身其中并且感到满足。

真的是这样吗？是必须发生吗?在不知不觉中产生了这样的疑问。我们认为我们所做的，看见的，可以体验到的是如此真实，可真相远不是我们所看见的这般。看得见的被误解了，看不见的却又被想象了。我们无从去鉴别它，评判它的优劣。这些可看见的让人紧跟身后，唤醒我们的欲望，看不见的只是回归到了假象的本质。",,
479,https://s2.showstart.com/img/2020/1227/21/00/ddaafdec5b104f69ad31c534096b5994_600_800_164927.0x0.jpg,"身体里酣畅淋漓的感觉还未淡去

整整两天

就像是一场轻盈且纯粹的梦

永远年轻，永远热泪盈眶的梦

与自己喜欢的乐队近距离接触

high歌、撒野、疯狂

置身于音乐的乌托邦中忘掉一切

呼吸鲜氧、自在生活
这就是鲜氧音乐节存在的意义",,
480,https://s2.showstart.com/img/2020/1127/16/00/7c027505550645b7a7715cca12e3d1c0_600_800_256689.0x0.jpg,"水果忍者刺杀寒流，爆汁狂欢不止嘻哈！（Fruit Ninja Hip-Hop Live Show）



橙子、草莓、西瓜还是火龙果？年末party，当然是全都要！",,
481,https://s2.showstart.com/img/2021/0104/13/30/4895cffe22884c11bbdc5cf62e76547c_600_800_153269.0x0.jpg,LiveChinaMusic呈现】 Breaking The Ice薄冰。今年一月，我们如履薄冰，在不同的音乐类型之间反复跳跃，因为Live China Music和育音堂的目标是用高能的数学摇滚、错乱的合成器音乐和低调的梦幻流行填满你的音乐调色板，用多元化的阵容给你惊喜，是的--你最好相信我们带你去的地方。,,
482,https://s2.showstart.com/img/2020/1229/14/00/01433a6a56c94086a777ffd1705836eb_600_800_327074.0x0.jpg,"BIE别的呈现：2020年末派对—— 一场别的聚会。又到了辞旧迎新的时间，我们最想制造的还是一个Party —— 想真正面对面喝一杯、聊聊天儿，想认识新的朋友。毕竟，我们在线上花的时间已经够多了。

 

2020，是我们都不曾预料到的一年。你可能觉得世界还在下沉， 但无论如何，我们都得向前走。我们以“BIE别的”身份探索着更多元的可能性：无论是在内容上对多元文化和人群的呈现，还是通过我们的平台为有想法、有创造力的朋友制造和输出机会，我们不是去消极适应，而是选择与新生世界积极互动。



当下的情形似乎有些难以界定，但我们不会停下脚步。希望你也别停。

 

也许现在才是我们的起点。",,
483,https://s2.showstart.com/img/2020/1129/18/00/792172bd4a11490ab5b8de2e3fb385dd_600_800_128377.0x0.jpg,"吉丁Kiddin✖️GZ_Beatz 【父子局】面具星人吉丁与“父亲” GZ_Beatz 的冲突早已不是一天两天，网络上的耍嘴皮子口水战早已无法解决这对父子之间的矛盾。
",,
484,https://s2.showstart.com/img/2020/1210/11/00/bae07fa6100048828d5ccfd77e57ff59_600_800_178021.0x0.jpg,"使脱水, 使干燥",,
485,https://s2.showstart.com/img/2020/1229/14/00/a9ff03fe41ba440f8b11555c6a198b1d_600_800_160202.0x0.jpg,张智涵“钛紫”个人音乐会,,
486,https://s2.showstart.com/img/2021/0104/10/00/234eba8b89844bc79f6cafbeb32fca3b_600_800_146651.0x0.jpg,"二氧化碳歌舞厅——封箱派对。于是，一想到曾经的歌曲和过往的青春，就此埋没，我心不甘！难道90后00后的青春就要随风而逝了吗？

NONONO!我不接受！

我要重新拿起我的麦克风！右拳打开我的青春保卫战！",,
487,https://s2.showstart.com/img/2020/1205/15/30/5a32efa543824612b8b7ebffd4e37fba_600_800_180794.0x0.jpg,胶囊派对Vol.3 - 直火帮专场,,
488,https://s2.showstart.com/img/2020/1218/13/30/9acb3bdab75542b4ba45811586d4b2cb_600_800_187174.0x0.jpg,"后抑我们会带上这五年来最满意的作品，带上心爱的乐器和新朋友们见面。

这些音乐是为你们准备的最真诚的见面礼！兴奋又紧张，带着准备好的音乐踏上未知的舞台。

我们还在热恋中",,
489,https://s2.showstart.com/img/2020/1104/17/00/75a1449b3263496d82d135751e315386_600_800_135688.0x0.jpg,新蛋糕乐队·微室巨像乐队 混合着烈酒的浓郁和橙汁的鲜甜，他们是既危险又甜蜜的 NEWCAKE新蛋糕乐队,,
490,https://s2.showstart.com/img/2021/0103/22/30/bcae2940eb194c59b2e72ce1879728b8_600_800_959629.0x0.jpg,"「春日和」结冰水/温和治疗/帆布小镇。「春日和」是春天的季语，温暖且令人愉悦。



春日和结冰水，直到月亮倾覆，与你暮色狂奔。

春日和温和治疗，八块钱买红豆冰，与爱人在日光花园，看星河璀璨。

春日和帆布小镇，从远方奔赴一场，关于春天的浪漫。



等一个晴天，一起去Livehouse感受春日和的到来。",,
491,https://s2.showstart.com/img/2020/1108/17/30/1d675ec2498b42b2a5dfb3314c0140f3_600_800_160010.0x0.jpg,枣树一处乐队，枣树一处乐队，由几个喜爱摇滚的年轻人组成。摇滚是值得坚持一生的事情，他们坚持着乐队的理想，不断改进，期待“枣树一处”,,
492,https://s2.showstart.com/img/2020/1216/12/30/0df93790a8534641abb8accff4a4e63c_600_800_130994.0x0.jpg,泡沫海盐”陈萝莉✖️愚青,,
493,https://s2.showstart.com/img/2020/1228/17/30/22bac75193a64cf78c7fdc53e8e51b92_600_800_291958.0x0.jpg,和过去的自己告别，声音玩具 两支乐队用音乐言之有物，似乎能听到自己内心的声音，有一种信仰，只有自己能懂。4月10日 成都 麓湖水上剧场 在音乐里每一份爱都有回声，每一次告别都是另一种成长。黄昏降临,,
494,https://s2.showstart.com/img/2020/1230/16/30/4e86a4ca0ce0495d84618af381e351ea_600_800_235906.0x0.jpg,"星巢现场·冬泳派对】橘子海+康姆士+回春丹，音符里冬泳

人群中冲浪",,
495,https://s2.showstart.com/img/2020/1218/17/00/94df01e730fe42f7a586959cc4e4492d_600_800_166527.0x0.jpg,"孔雀音乐节。阴霾会散去

一切终将慢慢好起来

辞旧迎新

新的一年 新的希望

来看一场high到爆的音乐节

用音乐的力量

开启元气满满的2021",,
496,https://s2.showstart.com/img/2020/1209/14/00/95fae8f39cc04c3ea741d679edd6330e_600_800_121336.0x0.jpg,TM海丝国潮电子音乐节,,
497,https://s2.showstart.com/img/2020/1219/16/30/d2f16078b1f940b4b4a4dad0391dc2a3_600_800_486496.0x0.jpg,CALL OUT代表集结一帮0571的杭州本土说唱的力量，带着他们的嘻哈态度，约你集合在天目山路，化身派对使者漫步，邀请一起对抗岁末的禁锢。他们生长根植于本土，不断进步一展宏图。如果你在杭州一角，如果你家的电话是0571，圣诞在家无聊抠脚，就来目里共度良宵，所有烦恼一笔勾销,,
498,https://im.ra.co/images/events/flyer/2021/1/cn-0108-1435167-front.jpg?auto=format,脱离电网，脱颖而出，并进入深渊,,
499,https://im.ra.co/images/events/flyer/2021/1/cn-0109-1435083-front.jpg?auto=format,发汗的声音，使您弹跳。旅程将以一些高科技公司和深厚的高科技开始，随着旅程的进行，将演变为越来越深的技术氛围,,
500,https://im.ra.co/images/events/flyer/2021/1/cn-0109-1435273-front.jpg?auto=format,全息梦境，合成迷恋,,
501,https://im.ra.co/images/events/flyer/2020/12/cn-1219-1432550-front.jpg?auto=format,X-CUBE超级能量场，多元文化，并且深入全球俱乐部文化重地，鼓励用创意大胆出界创“燥”,,
502,https://im.ra.co/images/events/flyer/2020/10/cn-1031-1428579-front.jpg?auto=format,混合万圣节,,
503,https://nimg.ws.126.net/?url=http%3A%2F%2Fdingyue.ws.126.net%2F2019%2F1225%2F697262d1j00q32qck001lc200u00165g00u00164.jpg&thumbnail=650x2147483647&quality=80&type=jpg,44小时不间断的周年庆音乐演出,,
504,https://www.facebook.com/boilerroom.tv/photos/gm.339191840281277/2357870217592009/,独特的夜晚,,
505,https://scontent-nrt1-1.xx.fbcdn.net/v/t1.0-9/57726525_2264891197086369_982939038472208384_n.jpg?_nc_cat=111&ccb=2&_nc_sid=340051&_nc_ohc=3w9USg9_-uQAX-TZ9nt&_nc_ht=scontent-nrt1-1.xx&oh=2c8603174b0144ba66d40c6295b82508&oe=601A6260,密切联系,,
506,https://scontent-nrt1-1.xx.fbcdn.net/v/t1.0-9/56649250_2260901944151961_5866170992639868928_n.jpg?_nc_cat=111&ccb=2&_nc_sid=340051&_nc_ohc=1uFjm14oA3AAX8WOxZU&_nc_ht=scontent-nrt1-1.xx&oh=9896ac3341bfeb8409641e1deb72163b&oe=6019DA47,结合了从动听的嘻哈音乐到震撼人心的舞蹈音乐，并带有WordySoulSpeak触摸功能。二人组开始制作世界上听到的最新鲜的重低音音乐,,
507,https://scontent-nrt1-1.xx.fbcdn.net/v/t1.0-9/56536119_2260410907534398_56211840480313344_n.jpg?_nc_cat=107&ccb=2&_nc_sid=340051&_nc_ohc=PygRDmswh-8AX8ZpoEp&_nc_ht=scontent-nrt1-1.xx&oh=a6d0cb931933b18486da0127463c5fd2&oe=60193881,"44KW的热迪斯科之夜
特色极乐",,
508,https://scontent-nrt1-1.xx.fbcdn.net/v/t1.0-9/56526756_2260409434201212_6787851354950860800_n.jpg?_nc_cat=106&ccb=2&_nc_sid=8bfeb9&_nc_ohc=eVUm8cdIyI8AX-_fNdA&_nc_ht=scontent-nrt1-1.xx&oh=b28268787e20e105282a5a22baf4f24c&oe=6019EE1F,说什么？！今晚来和我们一起喝一杯！觉得兴奋！,,
509,https://im.ra.co/images/events/flyer/2021/1/cn-0116-1435235-front.jpg?auto=format,拜拜迪斯科，再见迪斯科,,
510,https://im.ra.co/images/events/flyer/2021/1/cn-0102-1434859-front.jpg?auto=format,"快乐大王的寂寞冬日自救指南。一贯的迷醉的闪耀作风将如约而至,以温暖的姿态与音乐交融.大量镜面材料装置将贯穿Elevator的舞池,迷醉的镭射灯也将伴随着律动渐进在整个夜晚",,
511,https://im.ra.co/images/events/flyer/2021/1/cn-0101-1434858-front.jpg?auto=format,愿我们第二天的心充满痛苦，快乐，安心，四肢酸痛，痛苦，但已康复。我们注定要宣泄以前，现在，和您在今年元旦，舞池上以及彼此之间的未来情感。也许明年来的时候，我们不会尖叫牛，而只是哇,,
512,https://im.ra.co/images/events/flyer/2020/12/cn-1231-1434428-front.jpg?auto=format,以将她谦虚的狂欢地下室改造成“太空电梯到宇宙”,,
513,https://im.ra.co/images/events/flyer/2020/12/cn-1227-1434438-front.jpg?auto=format,有着国际视野的纪录片+音乐派对，从世界各个角落挖掘的音乐宝藏！,,
514,https://im.ra.co/images/events/flyer/2020/12/cn-1226-1434437-front.jpg?auto=format,"“释放你内心中的野兽”

无论你是好小孩还是坏小孩，如果你厌倦了圣诞一成不变的欢乐气氛，就在这个圣诞之后的夜晚，来跟我们度过一次充满黑暗气息的邪典圣诞。随着狂躁节拍尽情舞蹈，释放内心深藏已久的那个野兽吧！",,
515,https://im.ra.co/images/events/flyer/2020/12/cn-1231-1434659-1718713-front.jpg?auto=format,虚空//纽约,,
516,https://im.ra.co/images/events/flyer/2020/12/cn-1205-1432246-front.jpg?auto=format,避难所 调节开关。避难所带着一整夜的节拍和沉重的潜艇重返战场。,,
517,https://im.ra.co/images/events/flyer/2020/11/cn-1127-1431596-front.jpg?auto=format,发汗，发汗的声音，使您弹跳。旅程将以一些高科技公司和深厚的高科技开始，随着旅程的进行，将演变为越来越深的技术氛围。,,
518,https://im.ra.co/images/events/flyer/2014/7/cn-0718-610206-front.jpg?auto=format,Wooozy离线。这是一个虚拟的声音和意见库，旨在将中国听众引导到最美妙的声音场所。短暂休息后，人行道融化，花朵枯萎，Wooozy Offline将在10月回来，让您打开头脑，充满液体声音。我们会回来的。我们会想念你的,,
519,https://im.ra.co/images/events/flyer/2014/3/cn-0321-579132-front.jpg?auto=format,一种超越类别的重击声，从电音到杰克，朋克和噪音。这表明一切皆有可能。,,
520,https://im.ra.co/images/events/flyer/2013/11/cn-1115-537846-0-front.jpg?auto=format,情人,,
521,https://im.ra.co/images/events/flyer/2020/12/cn-1231-1433760-1718447-front.jpg?auto=format,除夕开放酒吧，全天候营业！,,
522,https://im.ra.co/images/events/flyer/2016/7/cn-0716-857517-781202-front.jpg?auto=format,超级周日派对的气氛。该系列节目始于05年，其基础是高品质音乐，有益健康的街头食品以及最重要的是好人-类似于老式的后院烧烤果酱。发现拥挤的人群，他们仍会渗出这种原始精神。,,
523,https://im.ra.co/images/events/flyer/2018/12/cn-1214-1192090-1235667-front.jpg?auto=format,詹姆斯·布朗和繁荣神殿-巫师奥菲,,
524,https://im.ra.co/images/events/flyer/2018/11/cn-1130-1192080-front.jpg?auto=format,步进器因其能够立即吸收爱，感性和自由氛围的能力而在整个地区受到赞誉,,
525,https://im.ra.co/images/events/flyer/2018/10/cn-1019-1174195-front.jpg?auto=format,通宵达旦，探索灵魂，洞窟和享乐主义的内在和外在深度。美杜莎-同性恋现实,,
526,https://im.ra.co/images/events/flyer/2018/10/cn-1013-1169754-front.jpg?auto=format,是个充满叛逆、活力和DIY精神的城市,,
527,https://im.ra.co/images/events/flyer/2018/10/cn-1012-1170635-front.jpg?auto=format,体育休闲启动会，搭配休闲时尚！沉兮兮将爪子塞进了文化沙漠。你能？体育是。一个因素！体育是激情,,
528,https://im.ra.co/images/events/flyer/2018/10/cn-1002-1166396-front.jpg?auto=format,空洞,,
529,https://im.ra.co/images/events/flyer/2018/9/cn-0929-1165182-front.jpg?auto=format,希望-被考虑，折衷和旺盛。,,
530,https://im.ra.co/images/events/flyer/2018/9/cn-0928-1165179-front.jpg?auto=format,钻石律整夜套装。在舞池中迷失了自己,,
531,https://im.ra.co/images/events/flyer/2018/9/cn-0923-1163056-front.jpg?auto=format,壮观星期天晚上。加入DJ Caution，T-Plus，MMQ和Nasty Nate一段美好的时光,,
532,https://im.ra.co/images/events/flyer/2018/9/cn-0922-1162542-front.jpg?auto=format,MEDUSA庆祝她最喜欢的节日-SHQFF又名上海酷儿电影节的开幕-漫长的两性恋情,,
533,https://im.ra.co/images/events/flyer/2018/9/cn-0920-1162524-front.jpg?auto=format,凭借着您帝国的威猛力量，您将遭受多种自然的声波，被宏伟的存在和舞蹈所包围。帝国,,
534,https://im.ra.co/images/events/flyer/2018/9/cn-0916-1159148-front.jpg?auto=format,电梯将在音乐节的每一天举办秘密派对（shhh）的晚会。在草地上见！混凝草,,
535,https://im.ra.co/images/events/flyer/2018/9/cn-0914-1159141-front.jpg?auto=format,从上海的房屋和地下的Techno住宅中冒出泡沫。,,
536,https://im.ra.co/images/events/flyer/2018/9/cn-0913-1159143-front.jpg?auto=format,献上了一整夜的可爱节拍和令人耳目一新的耳朵糖果，低调，疯狂有才华,,
537,https://im.ra.co/images/events/flyer/2018/9/cn-0908-1155523-front.jpg?auto=format,始终走在前列并不是一件容易的事，尤其是在像我们这样不断变化的城市中,,
538,https://im.ra.co/images/events/flyer/2018/9/cn-0906-1156246-front.jpg?auto=format,准备好聆听鼓和贝司最深沉的混音之声。,,
539,https://im.ra.co/images/events/flyer/2018/9/cn-0905-1156201-front.jpg?auto=format,每周的groov实验聚会之前。享受我们延长的欢乐时光。,,
540,https://im.ra.co/images/events/flyer/2018/8/cn-0831-1153366-front.jpg?auto=format,您可以感受到时尚的都市氛围。低调但一流的乙烯基混合技术是他出色选择的好处。重型合成器元件完全占据了整个装置。您会感觉到细微的听力差异，这使您想跳舞,,
541,https://im.ra.co/images/events/flyer/2018/8/cn-0830-1154006-front.jpg?auto=format,夏日除湿夜,,
542,https://im.ra.co/images/events/flyer/2018/8/cn-0826-1150472-front.jpg?auto=format,以及灵魂，迪斯科舞厅，甚至是一些稀有的树林）带入ELEVATOR的壮观星期天晚上,,
543,https://im.ra.co/images/events/flyer/2018/8/cn-0818-1147694-front.jpg?auto=format,她不敢相信它经历了两年的漫长而艰难的夜晚。无论您是刚开始还是刚开始认识她，美杜莎闪光球,,
544,https://im.ra.co/images/events/flyer/2018/8/cn-0816-1147688-front.jpg?auto=format,掺杂会导致发炎，Flamingosis将诸如J Dilla之类的节拍场景先驱者的影响与对老式放克和迪斯科的热爱融为一体，从而创造出新的旧风格,,
545,https://im.ra.co/images/events/flyer/2018/8/cn-0811-1144638-front.jpg?auto=format,爱爆炸：文化崩溃。超现实的卡通视觉效果,,
546,https://im.ra.co/images/events/flyer/2018/8/cn-0804-1140209-front.jpg?auto=format,传递不规则的声音手工艺品，这些声音手工艺品超越了传统，并带来了新颖的体验。,,
547,https://im.ra.co/images/events/flyer/2018/8/cn-0802-1142417-0-front.jpg?auto=format,分形树脂,,
548,https://im.ra.co/images/events/flyer/2018/7/cn-0727-1139632-front.jpg?auto=format,阴谋论！危机！情感分泌物！我们的思想每天整天都被新闻和头条新闻侵扰。有时候，最好关闭嘈杂的媒体机器，然后在黑暗中跳舞。,,
549,https://im.ra.co/images/events/flyer/2018/7/cn-0720-1134069-front.jpg?auto=format,最凶猛的房屋，部落和深夜迪斯科舞厅，带您进入教堂的狩猎之旅+通宵达旦，探索灵魂，洞窟和享乐主义的内在和外在深度，美杜莎,,
550,https://im.ra.co/images/events/flyer/2018/7/cn-0707-1131418-front.jpg?auto=format,鹰，美杜莎的黑暗，肮脏的姐妹事件的第二集再次被鞭打。召集所有的父亲和男孩，家庭和潜水艇，恋物癖者和好奇心漫长的汗水舞池。,,
551,https://im.ra.co/images/events/flyer/2018/6/cn-0623-1126251-0-front.jpg?auto=format,美杜莎骄傲，通宵达旦，探索灵魂，洞窟和享乐主义的内在和外在深度,,
552,https://im.ra.co/images/events/flyer/2018/6/cn-0621-1089988-1143445-front.jpg?auto=format,没有界限，没有规则，与友谊有关这是与您的家人和朋友度过美好的时光。我们提供音乐，美食和艺术来支持这一点,,
553,https://im.ra.co/images/events/flyer/2018/6/cn-0617-1124365-front.jpg?auto=format,期待一次奇妙的，沉重的，充满未来感和质感的技术之旅。专门讨论外太空旅行，酸性贝斯线幻觉，失去控制力以及带我们到达那里的技术,,
554,https://im.ra.co/images/events/flyer/2018/6/cn-0616-1124306-front.jpg?auto=format,钟楼是一个热爱音乐的文化书呆子。而且他一直对此大惊小怪，因为这很有趣,,
555,https://im.ra.co/images/events/flyer/2018/6/cn-0615-1116013-front.jpg?auto=format,它们是与大自然息息相关的地道电子舞曲，旨在激发内在精神。,,
556,https://im.ra.co/images/events/flyer/2018/6/cn-0609-1119856-front.jpg?auto=format,您能想象一瓶用REAL珍珠制成的奶茶，用梅花雨水煮熟126小时，由消防车运送吗黄梅奶茶夜,,
557,https://im.ra.co/images/events/flyer/2018/6/cn-0608-1113163-1137369-front.jpg?auto=format,喜欢和弦而沉思的和弦以及巧妙的鼓编程，果酱,,
558,https://im.ra.co/images/events/flyer/2018/6/cn-0602-1117788-front.jpg?auto=format,想象一所老式茶馆：标志性的成都寒地。睡梦中的织女爱丽丝在这个神奇的城市出生和成长，因此她决定将自己的生日聚会变成成都风格。,,
559,https://im.ra.co/images/events/flyer/2018/5/cn-0524-1106758-1127333-front.jpg?auto=format,DJ播放各种流派的美妙音乐。我们相信音乐之间没有墙。这是与您的家人和朋友度过美好的时光。我们提供音乐，美食和艺术来支持这一点,,
560,https://im.ra.co/images/events/flyer/2018/5/cn-0519-1111176-front.jpg?auto=format,夏季汗衫//舞蹈大师//迪奥尼派（Dionysian Diversions）//令人愉悦的偏差//严格地抽节奏//狂喜的探索//多性的烟花//身体//缩//黑暗的角落浪漫//身份融合//你能做什么,,
561,https://im.ra.co/images/events/flyer/2018/5/cn-0516-1111174-front.jpg?auto=format,微波/微波呈现，编织出细微的凹槽，从而形成迷人的并列。迷幻混合风格,,
562,https://im.ra.co/images/events/flyer/2018/5/cn-0511-1109565-front.jpg?auto=format,日本90年代梦幻流行组合浸入游泳池,,
563,https://im.ra.co/images/events/flyer/2017/12/cn-1229-1047838-1055184-front.jpg?auto=format,期望听到新的未发布材料以及黑暗的星际传输。,,
564,https://im.ra.co/images/events/flyer/2018/5/cn-0509-1076704-1116576-front.jpg?auto=format,喜欢煎饼，乒乓球，并寻找永恒的音乐，使人们在舞池上做糟糕的事情-迪斯科舞厅，室内舞厅以及带有沙砾和放克的技术。,,
565,https://im.ra.co/images/events/flyer/2018/5/cn-0504-1106726-front.jpg?auto=format,开普勒452b x 303室迷幻按摩以及有关密宗形而上学和加密货币的演讲表演。紧随其后的是梦想中的音乐阵容，这种未来只会存在。我们一起庆祝想象力，自由和集体个人主义的力量。,,
566,https://im.ra.co/images/events/flyer/2018/4/cn-0413-1096110-front.jpg?auto=format,满嘻哈音乐，夜店音乐，麻将屋，猫屋和现场动画的俱乐部之夜开始2D世界。早点下来得到一块超稀有的底特律披萨饼,,
567,https://im.ra.co/images/events/flyer/2018/4/cn-0404-1086351-1104630-front.jpg?auto=format,这是一次激烈的舞池锻炼-我们庆祝了三天，有两个我们一直梦想与之共舞的国际嘉宾- 狂欢的一个很好的理由。,,
568,https://im.ra.co/images/events/flyer/2018/2/cn-0214-1071427-front.jpg?auto=format,情人节那天，电梯酒吧的明星肖恩（Sean）和尼尔森（Nelson）从舞池转移到甲板上，旋转出动感十足，丝般光滑的果酱,,
569,https://im.ra.co/images/events/flyer/2018/1/cn-0106-1047841-1057326-front.jpg?auto=format,将自己运送到幻想变成现实的现实，而现实让NASTY // //一个漫长的夜晚参加聚会同性恋现实,,
570,https://mmbiz.qpic.cn/mmbiz_jpg/WWTVzXF4TIchGFRWJAE1oVBsPs5oyTwOyxH48ZBrAc0PqhicuuFkSiav7jEtU5ic67dYicm993FBK8AOKK8xsGE96Q/640?wx_fmt=jpeg&wxfrom=5&wx_lazy=1&wx_co=1,我们将用视觉装置和迷幻舞曲为大家建造出一个游离的异度世界。在这些快速的，特定化的节拍的引领下，我们将万千思绪渐渐抽离到另一个维度，我们会跟着分层的旋律，广阔在音的景中去感受万物。,,
571,https://mmbiz.qpic.cn/sz_mmbiz_jpg/fBCE43zEBEG4hNHCSOJiaiaYz5ib56muloNhksFJomuibKQEneYpawXY9iclcuSmDzmf7IT03sZ8WEY6yKJpiaIxqjlw/640?wx_fmt=jpeg&wxfrom=5&wx_lazy=1&wx_co=1,超时空元气站:梦境倍增场,,
572,https://mmbiz.qpic.cn/sz_mmbiz_jpg/fBCE43zEBEHZ0blqdMVtiarZqduw0CUgJ1xUT4tJ3ETF4a6jdrCicaOmicU798ZHfOz7DFNvssOw3oZiaA0hGxn0yQ/640?wx_fmt=jpeg&wxfrom=5&wx_lazy=1&wx_co=1,"当你推开大门
时空穿梭事件确确实实发生了
但这不仅限于未来
更包含了过去
从1970的复古Disco音乐
到直向未来的电子音乐
从迷幻摇滚到流行嘻哈",,
573,https://im.ra.co/images/events/flyer/2020/12/cn-1204-1432353-front.jpg?auto=format,拜拜迪斯科，夜校,,
574,https://im.ra.co/images/events/flyer/2020/11/cn-1114-1429430-front.jpg?auto=format,打破墙壁,,
575,https://im.ra.co/images/events/flyer/2021/1/cn-0106-1435309-front.jpg?auto=format,海市蜃楼，这颗太阳，将温暖照射进舞池当中,,
576,https://im.ra.co/images/events/flyer/2020/8/cn-0828-1421620-1693477-front.jpg?auto=format,招待会海边,,
577,https://im.ra.co/images/events/flyer/2020/2/cn-0215-1378804-0-front.jpg?auto=format,妈妈蛇,,
578,https://im.ra.co/images/events/flyer/2020/1/cn-0118-1370037-1591672-front.jpg?auto=format,不可抗拒的压力,,
579,https://im.ra.co/images/events/flyer/2020/1/cn-0108-1369280-front.jpg?auto=format,海市蜃楼环境,,
580,https://im.ra.co/images/events/flyer/2019/12/cn-1227-1353370-1571989-front.jpg?auto=format,回归，今年最后一场,,
581,https://im.ra.co/images/events/flyer/2019/12/cn-1206-1344700-1554630-front.jpg?auto=format,她几乎不需要时间来施展魔法。富有想象力的选择者在利兹学习期间被狂欢后收集成痴迷的唱片,,
582,https://mmbiz.qpic.cn/mmbiz_jpg/WWTVzXF4TIdibFY9nn5eiaL1iasp28LHswCv3PibSrD5ribicqWLXLPZSnV8g2nYfibCyA7fUaXjdicL3GdUOqm6dALCWg/640?wx_fmt=jpeg&wxfrom=5&wx_lazy=1&wx_co=1,大气,,
583,https://mmbiz.qpic.cn/mmbiz_jpg/WWTVzXF4TIdibFY9nn5eiaL1iasp28LHswCmOfB1BJaZcOgj39LKXSlgPYmm6O8DZcpMo1El0QucYiakUiaUJfiboflg/640?wx_fmt=jpeg&wxfrom=5&wx_lazy=1&wx_co=1,出现的地平线,,
584,https://mmbiz.qpic.cn/mmbiz_jpg/WWTVzXF4TIdibFY9nn5eiaL1iasp28LHswCWmv5SwBNSZRLQVSC5Kiac82HThIEyYwblQBvzY5cwXOojtQujibg3DvQ/640?wx_fmt=jpeg&wxfrom=5&wx_lazy=1&wx_co=1,太空,,
585,https://mmbiz.qpic.cn/mmbiz_jpg/WWTVzXF4TIdibFY9nn5eiaL1iasp28LHswCqtW6PooS9bIZ9p4Pt6ZUxe5SfGURNLYYsfGwIZHcjga2RGoJ84znsQ/640?wx_fmt=jpeg&wxfrom=5&wx_lazy=1&wx_co=1,光野,,
586,https://mmbiz.qpic.cn/mmbiz_jpg/WWTVzXF4TIdibFY9nn5eiaL1iasp28LHswCjAUIxqSmYUH7qRY3uu2RcLvhcVibKH4GtvibibXV1sLicwOVFNoade5gRw/640?wx_fmt=jpeg&wxfrom=5&wx_lazy=1&wx_co=1,"满溢而出的明，雌雄莫辨的人声吟起，带至光的原野，繁花满地。
人声的唱诵愈发嘹亮，神性与罪恶之间边界消失，
在赞美与包容之间，互相成全，交裹徘徊，光柱旋转，两位一体。
辽阔无尽的生命，绵延不断的死亡。目击证人",,
587,https://mmbiz.qpic.cn/mmbiz_jpg/WWTVzXF4TIdibFY9nn5eiaL1iasp28LHswCOf5c9FKHk8CxxL9LdZ4jTaL4Yru4T9PQ51o2ZGAF6ugVgBuL3YwpHg/640?wx_fmt=jpeg&wxfrom=5&wx_lazy=1&wx_co=1,水地,,
588,https://mmbiz.qpic.cn/mmbiz_jpg/WWTVzXF4TIdibFY9nn5eiaL1iasp28LHswCSTkUC2WgmcC3FiaGITQ8w6vVc0uoLUx2k6bd2nIq7ovqOqzoLSpxvWA/640?wx_fmt=jpeg&wxfrom=5&wx_lazy=1&wx_co=1,"溪流穿梭在藤枝蔓间，水与墨绿色树叶。
鸟翅飞扑，微风左右扇动。
迷幻的巨人在林间打午盹，
水叮咚敲击石头，密语大地的今日心情。",,
589,https://mmbiz.qpic.cn/mmbiz_jpg/WWTVzXF4TIdibFY9nn5eiaL1iasp28LHswCib2dLEoXwoAKGFfg5oJ9Prgx6cumicZcGEDztnNhpsk8RiayC0ic54RQ5g/640?wx_fmt=jpeg&wxfrom=5&wx_lazy=1&wx_co=1,洞穴,,
590,https://mmbiz.qpic.cn/mmbiz_jpg/WWTVzXF4TIdibFY9nn5eiaL1iasp28LHswC5KQn9T4BBEp2Qxs7ga3ZNxiaOSGYvWpV0RVicQubECpficsqBGyM5icoxQ/640?wx_fmt=jpeg&wxfrom=5&wx_lazy=1&wx_co=1,"意识深处，
水与铃摇晃的深处，
去看灵。",,
591,https://mmbiz.qpic.cn/mmbiz_jpg/WWTVzXF4TIdibFY9nn5eiaL1iasp28LHswChEWibGAlvCSTYoWh42tfqR34Q8yiaU336tOJngibzC6X3b1Pmov0g70nA/640?wx_fmt=jpeg&wxfrom=5&wx_lazy=1&wx_co=1,梦境,,
592,https://mmbiz.qpic.cn/mmbiz_jpg/WWTVzXF4TIdibFY9nn5eiaL1iasp28LHswC91QeuIJgicTXbvdjjvo9dT7BoPZPewWmFWcFeL1CAeImsx6BOIj8Imw/640?wx_fmt=jpeg&wxfrom=5&wx_lazy=1&wx_co=1,外星球,,
593,https://mmbiz.qpic.cn/mmbiz_jpg/WWTVzXF4TIdibFY9nn5eiaL1iasp28LHswC1cEx8LOnqP9gGILM27u6hDxj5TU1z26nlctMYTuVvunw6hwm5lJzpA/640?wx_fmt=jpeg&wxfrom=5&wx_lazy=1&wx_co=1,未命名的空气之中，奇异花草四处生长。柔软的意识拉成长长的弹簧，弹出八根触角对接半透明紫绿色的植被躺在上面等待星球背朝恒星望向宇宙天际，寻找哪颗是地球。,,
594,https://mmbiz.qpic.cn/mmbiz_jpg/WWTVzXF4TId5YlSSShkdJYBhBm8qtAVdYzxIQdQibMtiaT5ibmSA5H1Vxlxws98DwAKqoOYoDPyWqNCYslbwWAghA/640?wx_fmt=jpeg&wxfrom=5&wx_lazy=1&wx_co=1,联手用声音破除心与心之间的隔阂？理解与爱是否还会重返人间？请见「次回予告」。,,
595,https://mmbiz.qpic.cn/mmbiz_jpg/WWTVzXF4TIf26II3icUwqy4DaIXTbqY6EG87daUMBYvSB8T4dYZ6ia02aTcjh2kiauqzUIwDiax8Q1blibxfLo1D0Nw/640?wx_fmt=jpeg&wxfrom=5&wx_lazy=1&wx_co=1,是音乐创作和表演绝无仅有的软件和硬件。通过这些产品，Ableton社群的用户创作出了许多精妙绝伦的作品。,,
596,https://mmbiz.qpic.cn/mmbiz_jpg/WWTVzXF4TIcoB1czMNRAI6Y8CPIHHu6BM3SAW3ngvHmR4NlwhKfUCg8eiawJiarFfP1JY5CI6r6WV7rX8235m4UQ/640?wx_fmt=jpeg&wxfrom=5&wx_lazy=1&wx_co=1,宇宙派对活动。出于对俱乐部音乐现场和酒精的迷恋，为宇宙派对调配别样风味。,,
597,https://mmbiz.qpic.cn/mmbiz_jpg/WWTVzXF4TIdv6JDMqSENXicmdwrxzFYGS7Wmc1arln0icD5MTaC4xbvUeI5AuKLCADW3wfmHnOGicwibcMQoLjCbmQ/640?wx_fmt=jpeg&wxfrom=5&wx_lazy=1&wx_co=1,WIGWAM将打包一些曾在WIGWAM舞台上闪烁过光芒的音乐人、Dj空投到其他地点等待你来拾取。”,,
598,https://mmbiz.qpic.cn/mmbiz_jpg/WWTVzXF4TIeYecOTRRkH5oIS8moXKpCic6H2BECLdILIqZk9Iibw4P7o8djKXpumWIPk2ly2GyicUiauU3cz3ib7UwQ/640?wx_fmt=jpeg&wxfrom=5&wx_lazy=1&wx_co=1,公共淋浴舒服空气泡澡,,
599,https://mmbiz.qpic.cn/mmbiz_png/WWTVzXF4TIej0oxBf0JNhLEEWHlHYz1elDZ7raK6JuPXGMkzHqGpbmibY5fhDk6sktglKwyeo9GtO6UNBOyL1uw/640?wx_fmt=png&wxfrom=5&wx_lazy=1&wx_co=1,"合成生化
「异形, 绑带, 皮革, 未来科技, 变异, 未知生物」",,
600,https://mmbiz.qpic.cn/mmbiz_jpg/YiavMN7RuJU8rESTMhq20k6cUqWiczTeVnJCKSic4hOsObTSf4x6tshfz9gnh21vJHlfTFINuClrbqsRibesfW0r3Q/640?wx_fmt=jpeg&wxfrom=5&wx_lazy=1&wx_co=1,宇宙派对活动感到特别兴奋。,,
601,https://mmbiz.qpic.cn/mmbiz_jpg/TO3ibwhSiaITujLLb3VGKXrZy24bD62H3HbXWichYXKqkd43IE8CZ1seAa89OS5l04l0XYGbib0pfhS5j2R6oB34cg/640?wx_fmt=jpeg&wxfrom=5&wx_lazy=1&wx_co=1,活蹦乱跳的 GG Lobster，动静皆宜的 Pocario 和势能强劲的 DJB,,
602,https://modernsky-website.oss-cn-beijing.aliyuncs.com/resource/image/1610522182604.jpg,跳塔郎泰拉舞的某蟑螂，对人类蜕化的记忆进行追踪源，转化为我们不断追寻所谓的“向上”，“崇高”却又总是周而复始的现象进行探讨,,
603,https://modernsky-website.oss-cn-beijing.aliyuncs.com/resource/image/1610522307346.jpg,早早发生了青春期空洞的炫耀，代替以人文气息的人生思考与现实体察，有诗意但又不失嘻哈街头战士的锐利气质。苦甜人生爵士路,,
604,http://modernsky-website.oss-cn-beijing.aliyuncs.com/resource/image/1571651197042.jpg,身处放松的同时也更适合将雷鬼自由无拘的音乐个性发挥到极致。成员们在结束了每天的录音工作后，都会坐在泳池边像家人般畅谈。这次录音更像是团队的一次集体旅行。为爱改变,,
605,http://modernsky-website.oss-cn-beijing.aliyuncs.com/resource/image/1571383956919.jpg,“现代复古摇滚乐”而思想气质上一如既往，就像泰山上的孔雀，孤高而圣洁。,,
606,http://modernsky-website.oss-cn-beijing.aliyuncs.com/resource/image/1571650760776.,鹿亦微灯，它以一个拥有绝美意境的专辑名，轻微地调侃了在专柜上流光溢彩的宝物，富贵人家的心头好。它的激励源于16层在专辑创作阶段的一个梦，迷雾森林深处，微光闪现局部，一片黑影若隐若现，依稀可见鹿角。这团微光，让他们下意识的去追逐，看似唾手可得，却总是若即若离，像极了人们心中的欲望，沟壑难填。,,
607,http://modernsky-website.oss-cn-beijing.aliyuncs.com/resource/image/1571651283167.jpg,这九首寻光之歌，他将这种力量揉进明亮轻灵的音乐中去，通过音乐被放大和传播，其必定也会给聆听之人以更多勇气。在歌词创作上，星辰，大海，微风，黎明……充满诗意的意象充斥在专辑之中，独创出一派边远式“浪漫虚无主义”，超越现实而又不跳脱出现实。而编曲则更为轻盈，实质上微风拂过般飘然而至，却扩散出了更多的张力,,
608,http://modernsky-website.oss-cn-beijing.aliyuncs.com/resource/image/1571645656949.jpg,相信的力量是无穷的，怀疑的反向，而爱于仇恨，生于死,,
609,http://modernsky-website.oss-cn-beijing.aliyuncs.com/resource/image/1571646972685.jpg,对过往生活的一次平实又诚恳的反思。,,
610,http://modernsky-website.oss-cn-beijing.aliyuncs.com/resource/image/1571399902755.jpg,六度》针对人类对自然的保护，以音乐的形式，对现代都市生活中的人们进行心灵净化和洗涤。,,
611,http://modernsky-website.oss-cn-beijing.aliyuncs.com/resource/image/1571827008954.jpg,勇敢的人都是心碎的》就好像一盘新鲜出锅的“油炸的心”,,
612,http://modernsky-website.oss-cn-beijing.aliyuncs.com/resource/image/1571399773983.jpg,跟随文雀在现实与梦境的交叠中来回穿梭，捕捉《庙雨连珠》的清澈声场与广阔意象,,
613,http://modernsky-website.oss-cn-beijing.aliyuncs.com/resource/image/1571400038389.jpg,浪漫标签一张关于“爱”的专辑，从细节察觉爱，撩拨人心，点到即止多了忧郁,,
614,http://modernsky-website.oss-cn-beijing.aliyuncs.com/resource/image/1571400095814.jpg,废城甜梦,,
615,http://modernsky-website.oss-cn-beijing.aliyuncs.com/resource/image/1571399976890.png,某个角落》展现了茶凉粉更加丰富多元的作品为心底留一个用作取舍进退的“角落”的幸存，世界上还有一种称为“音乐”的解药,,
616,http://modernsky-website.oss-cn-beijing.aliyuncs.com/resource/image/1571398241676.jpg,低苦艾再一次用音乐向现实投以深沉的凝视，以最诗意的方式，唤醒每一个年轻的灵魂：内心的涌动也绝不要停歇，别停止探寻生命与爱的本质，别忘了以爱的方式迎接新的《一天》。,,
617,http://modernsky-website.oss-cn-beijing.aliyuncs.com/resource/image/1571399425453.jpg,迷幻的色彩构造出精巧与力量并存的美学宇宙外表,,
618,http://modernsky-website.oss-cn-beijing.aliyuncs.com/resource/image/1571399078500.jpg,“每次听柠檬头的歌都有种狂拽酷炫X炸天，宇宙天际独一人的舒爽。年轻勇猛的硬派军团早已蓄力许久，诸多乐迷们终于有机会在现场一睹其峥嵘气势，现场爆发出更多的能量,,
619,http://modernsky-website.oss-cn-beijing.aliyuncs.com/resource/image/1571399204788.jpg,蓝色是永恒的象征，它是最冷的色彩，代表着大海和天空，给人一种广阔无垠，神秘莫测又永恒不变的感受；而蓝色的脸，是忧郁的，孤独的，冰冷的，病态的，扭曲的，充满了在人前社交生活中表现得与他人无异，但内心却无时无刻不承受着抑郁的折磨,,
620,http://modernsky-website.oss-cn-beijing.aliyuncs.com/resource/image/1571382346845.jpg,他们知道我们知道他们在撒谎”，这张唱片再次证明红领巾是一个极富幽默感的青春热力组合，曲名看似荒诞无稽，却直击炎凉世态叵测人心，实验性不再重复苍白无力和捉摸不定，相反每个音色都扎实地钉死在情绪的神经上。,,
621,http://modernsky-website.oss-cn-beijing.aliyuncs.com/resource/image/1571382062626.jpg,我头脑的末梢充满电视线路电晶体 我的头脑的末梢变成秀逗趴呆电晶体牛郎织女》中的两首主打作品《爱情的陷阱》和《小星星》已在先前发布，《爱情的陷阱》中涌动的是在絮絮叨叨表面之下的一汨汨暖流,,
622,http://modernsky-website.oss-cn-beijing.aliyuncs.com/resource/image/1571397473964.jpg,身处无解俱乐部，答案自然无解。爆炸的，充满想象力的舞姿杀入，而无解俱乐部倡导一种无码呈现的快乐，我们需要的无非是爱、希望、彼此的笑脸、毫无防备的拥抱,,
623,http://modernsky-website.oss-cn-beijing.aliyuncs.com/resource/image/1571397644829.jpeg,《河床》即是这每一粒沙的聚合体，它看似微渺，却蕴藏着无尽的能量。缤纷的画卷下面。,,
624,http://modernsky-website.oss-cn-beijing.aliyuncs.com/resource/image/1571399255805.jpg,不妥协于这个时代，足够分量和高度的作品，要求每个听者改变一心二用乃至一心多用的习惯，用专注的听，去归拢日渐涣散的自我碎片。然后，正如专辑名所言：“喝彩之前”，那个短暂而寂静的瞬间，便是你在经历震慑过后的回魂时刻。,,
625,http://modernsky-website.oss-cn-beijing.aliyuncs.com/resource/image/1571397209627.jpg,我愚蠢的理想主义》用理想的粉拳来动现实的干戈,,
626,http://modernsky-website.oss-cn-beijing.aliyuncs.com/resource/image/1571397277956.jpg,今日青年》在以去标签化的努力拆解着这部无形的枷锁，并继续打破着概念与形式、风格与姿态的争论与划分。,,
627,http://modernsky-website.oss-cn-beijing.aliyuncs.com/resource/image/1571381784227.jpg,开发出丰富而新奇的声音，来自游牧民族的马木尔将这张唱片命名为《农民》。,,
628,http://modernsky-website.oss-cn-beijing.aliyuncs.com/resource/image/1571397338365.jpeg,是被悬宕许久的喧嚣，在时代的千变万变中，年轻人所面临的困惑却始终没有消隐，相反，它一直是伴随在现代化进程中的一个匿名症结有着怎样的迷茫与无助。,,
629,http://modernsky-website.oss-cn-beijing.aliyuncs.com/resource/image/1571826616782.jpg,才不枉过年少吧》有着纤尘不染的歌声和秀丽典雅的吉他，散淡，清浅，又被熹微晨光中的偶遇激活了少年想象。,,
630,http://modernsky-website.oss-cn-beijing.aliyuncs.com/resource/image/1571396971719.jpg,这张专辑在简单直接充满能量的调调中，呈现了不同于首张专辑的转变。虽然鬼知道他们经历了什么，但这张“浮世绘”般的《麦当劳少年》会让你产生类似《Bojack Horseman》（《马男波杰克》）一般的黑暗共鸣。,,
631,http://modernsky-website.oss-cn-beijing.aliyuncs.com/resource/image/1571394576135.jpg,疯医天秤，他们在首张专辑中冷酷的编曲和厚重的情绪已经俘获了不少乐迷，此次再次跟“伯乐”杨海崧合作，新专辑《Debris（碎片）》显得成熟许多，主旨也更为深刻。,,
632,http://modernsky-website.oss-cn-beijing.aliyuncs.com/resource/image/1571396860001.jpg,冷静避世的思考穿上了华美的外衣，这样在现场极具煽动性同时暗含对当下社会现象的思考和影射的音乐作品，高傲、怪戾、时尚、顽皮、神经质等气息共冶一炉，冷暗律动,,
633,http://modernsky-website.oss-cn-beijing.aliyuncs.com/resource/image/1571395680718.jpg,开放性的尝试，力求突破内与外的桎梏与束缚。以崭新的语言重新谱写了新时代情境里的“和平与爱”。《自由》龙神道,,
634,http://modernsky-website.oss-cn-beijing.aliyuncs.com/resource/image/1571396244957.jpeg,后海冲浪手的大冒险”心要野他们骑一匹梦马走过雪山，脱去衣服投奔怒海，穿过宇宙中心，又回到这个信息爆炸的城市，继续做他们的都市野人对我来说是那些勇敢地活在当下，突破规则限制去创造的人只要心怀野望，就能收获潇洒无畏的旅程,,
635,http://modernsky-website.oss-cn-beijing.aliyuncs.com/resource/image/1571395918791.jpg,穿越黑暗 律动狂暴,,
636,http://modernsky-website.oss-cn-beijing.aliyuncs.com/resource/image/1571395137710.jpg,奇葩性 我们需要个歌手 迷醉般的狂喜 辽阔,,
637,http://modernsky-website.oss-cn-beijing.aliyuncs.com/resource/image/1571395236071.jpg, 花草树木 黑色冷峻的封套 简洁凌厉 铜墙铁壁,,
638,http://modernsky-website.oss-cn-beijing.aliyuncs.com/resource/image/1571394944199.jpg,迷幻得美妙 幻象波普星 天外飘来的美妙的音色 的简洁幻想 直达温暖的心灵慢车 ,,
639,http://modernsky-website.oss-cn-beijing.aliyuncs.com/resource/image/1571394519239.jpg,别再问我什么是迪斯科新裤子 复古的声音模拟 八十年代,,
640,http://modernsky-website.oss-cn-beijing.aliyuncs.com/resource/image/1571394456048.jpg,谁会做奔跑的马 自我异化的后朋浪潮,,
641,http://modernsky-website.oss-cn-beijing.aliyuncs.com/resource/image/1571394396561.jpg,发光曲线 迷航 精密的思维 肆意涂抹的肌理在极简主义构架上相互交织 具有诗意和哲学思考的歌词与建筑结构般演奏的融合,,
642,http://modernsky-website.oss-cn-beijing.aliyuncs.com/resource/image/1571394256671.jpeg,一枝独秀 理想 惦念 新鲜旅程,,
643,http://modernsky-website.oss-cn-beijing.aliyuncs.com/resource/image/1571393222631.jpg,歪打正着 回顾与自省新的航向,,
644,http://modernsky-website.oss-cn-beijing.aliyuncs.com/resource/image/1571393352759.jpg,鞅 所有其他历史的和目前的信息都没有预测下一个取值的可能只有根据鞅自己的过去才能预判自身未来的可能性,,
645,http://modernsky-website.oss-cn-beijing.aliyuncs.com/resource/image/1571393292176.jpg,浓郁的80年代气息 黄金岁月 雅宝路,,
646,http://modernsky-website.oss-cn-beijing.aliyuncs.com/resource/image/1571393419218.jpg,不受边框束缚 扣人心弦,,
647,http://modernsky-website.oss-cn-beijing.aliyuncs.com/resource/image/1571393161698.jpeg,在潮湿空气中逐渐被腐蚀的个体象征着时间B计划：回到模拟时代,,
648,http://modernsky-website.oss-cn-beijing.aliyuncs.com/resource/image/1571399140341.jpeg,阳光 欢乐 枪 纯粹,,
649,http://modernsky-website.oss-cn-beijing.aliyuncs.com/resource/image/1571392645625.jpg,少年邪 春与摇滚的梦想 激烈 ,,
650,http://modernsky-website.oss-cn-beijing.aliyuncs.com/resource/image/1571392791668.jpg,绿色交响舞会,,
651,http://modernsky-website.oss-cn-beijing.aliyuncs.com/resource/image/1571391777281.jpg,后海大鲨鱼 凶猛的浪潮 未来 宇宙 雌雄同体 时间 人类 北京 东方 夜晚 青春 快乐 爱奔涌到地球深海，卷起千重波浪,,
652,http://modernsky-website.oss-cn-beijing.aliyuncs.com/resource/image/1571390657579.jpeg,害羞者 充满邪恶童趣 甜蜜气息的未来主义调料,,
653,http://modernsky-website.oss-cn-beijing.aliyuncs.com/resource/image/1571369986619.jpg,古灵精怪 火药味十足 我快乐死了,,
654,http://modernsky-website.oss-cn-beijing.aliyuncs.com/resource/image/1571390198955.jpeg,野人也有爱 人人平等 爱与尊重 冲劲十足创意无限,,
655,http://modernsky-website.oss-cn-beijing.aliyuncs.com/resource/image/1571380773762.jpg,把光芒洒向更开阔的地方,,
656,http://modernsky-website.oss-cn-beijing.aliyuncs.com/resource/image/1571390127250.jpeg,深思熟虑和精密的安排 人为错误,,
657,http://modernsky-website.oss-cn-beijing.aliyuncs.com/resource/image/1571738996842.jpg,变色蝴蝶 营造浅潜于表面之下的激情 制造持续而缓慢的癫狂 ,,
658,http://modernsky-website.oss-cn-beijing.aliyuncs.com/resource/image/1571720852262.jpg,这个世界到底发生了什么 冬天的开始，一年的结束 童年记忆,,
659,http://modernsky-website.oss-cn-beijing.aliyuncs.com/resource/image/1571380532266.jpg,最火爆的朋克摇滚风暴 对生活感到一点点厌倦和恶心,,
660,http://modernsky-website.oss-cn-beijing.aliyuncs.com/resource/image/1571720593901.jpeg,立体声巧克力 游戏 童心未泯 童年梦幻之地,,
661,http://modernsky-website.oss-cn-beijing.aliyuncs.com/resource/image/1571720477846.jpeg,弛放 春日之选 无限春光的渴望 迫切放松温暖,,
662,http://modernsky-website.oss-cn-beijing.aliyuncs.com/resource/image/1571380163148.jpg,独特的气质 内在的忧郁 自主的迷离 积极审视,,
663,http://modernsky-website.oss-cn-beijing.aliyuncs.com/resource/image/1571389283987.jpg,燃烧吧 小宇宙 爱和梦想 勇气与冒险,,
664,http://modernsky-website.oss-cn-beijing.aliyuncs.com/resource/image/1571563645057.jpeg,两个人的旅行 一次偶遇,,
665,http://modernsky-website.oss-cn-beijing.aliyuncs.com/resource/image/1571563751896.jpeg,秋天 阳光 暧昧的照着 记忆里金色地傍晚池塘 爱情,,
666,http://modernsky-website.oss-cn-beijing.aliyuncs.com/resource/image/1571379831767.jpeg,我们究竟面对谁去歌唱 史诗性 荒谬与疯狂 自省 作领袖挥舞状地戏谑与诘难 悲壮,,
667,http://modernsky-website.oss-cn-beijing.aliyuncs.com/resource/image/1571563397336.jpg,驰放 夏日之选,,
668,http://modernsky-website.oss-cn-beijing.aliyuncs.com/resource/image/1571379421493.jpeg,谁谁谁和谁谁谁 阴郁的青年 空虚的生活 低调剪影 穿戴朴素而干净,,
669,http://modernsky-website.oss-cn-beijing.aliyuncs.com/resource/image/1571379941350.jpg,超现实青春画面 白皮书 分裂中的疑问,,
670,http://modernsky-website.oss-cn-beijing.aliyuncs.com/resource/image/1571387527908.jpg,我们是自动的 天真 幻想一种未来的生活方式 身体其它部位则都由机器组成,,
671,http://modernsky-website.oss-cn-beijing.aliyuncs.com/resource/image/1571371213143.png,我想你会在我的怀抱中说声你爱我诱导社,,
672,http://modernsky-website.oss-cn-beijing.aliyuncs.com/resource/image/1571371285821.jpg,疯筝倍显天马行空 古灵精怪,,
673,http://modernsky-website.oss-cn-beijing.aliyuncs.com/resource/image/1571371388277.jpeg,祂就是我 自慰,,
674,http://modernsky-website.oss-cn-beijing.aliyuncs.com/resource/image/1571386688861.jpg,主流阵营 时尚感与潮流感 迪斯科女孩,,
675,http://modernsky-website.oss-cn-beijing.aliyuncs.com/resource/image/1571370973277.jpg,舌头 小鸡出壳  经典性,,
676,http://modernsky-website.oss-cn-beijing.aliyuncs.com/resource/image/1571386345911.jpg,继续的意义 原始张力 老将风范,,
677,http://modernsky-website.oss-cn-beijing.aliyuncs.com/resource/image/1571386505464.jpg,七种武器 松散 无主题性,,
678,http://modernsky-website.oss-cn-beijing.aliyuncs.com/resource/image/1571386150269.jpg,人文精神与入世哲学,,
679,http://5b0988e595225.cdn.sohucs.com/images/20181128/1cb831ca4f924f35ad08e2df2a9d1a22.jpeg,午夜碎碎念 悔恨勾勒夜的轮廓 成年人失格 你吸到我的空气了,,
680,https://images.squarespace-cdn.com/content/v1/5299db51e4b09eb80190ff81/1561888130226-2OQD90M3IVLU2R9GC58G/ke17ZwdGBToddI8pDm48kKs0RzOaIYcjjfPSz3JmoyRZw-zPPgdn4jUwVcJE1ZvWQUxwkmyExglNqGp0IvTJZUJFbgE-7XRK3dMEBRBhUpx3UxblUXRu3Un--PJUMlPE1YWQW0k5bKNV_huBpRJsbH_e1AOcmhMl6m2oCuBAuZ4/%E6%B5%B7%E6%8A%A5.jpg?format=1500w,再撑一下 马上就到 毫无局限性的创造 前所未有的绝妙体验,,
681,https://scontent-nrt1-1.xx.fbcdn.net/v/t1.0-9/45146860_722891584740619_7062231084343230464_o.jpg?_nc_cat=106&ccb=2&_nc_sid=730e14&_nc_ohc=gYQ4QDZMn30AX8GbBtM&_nc_ht=scontent-nrt1-1.xx&oh=1c60341ba8d734e474f6fc1f0d69be23&oe=6029CD4B,美秀集团 电火王,,
682,https://scontent-nrt1-1.xx.fbcdn.net/v/t1.0-9/36531172_2020303011344263_4248577397185576960_n.jpg?_nc_cat=109&ccb=2&_nc_sid=730e14&_nc_ohc=Da2oieLaAfcAX9N1OgV&_nc_ht=scontent-nrt1-1.xx&oh=a8d7cd7dd50967127b353011f6839b88&oe=60297D27,觉醒音乐祭,,
683,https://mook-aws.hmgcdn.com/images/upload/article/21573/A21573_1565934475_2.jpg,驯光祭 草根性,,
684,https://scontent-nrt1-1.xx.fbcdn.net/v/t1.0-9/65027382_874771976219245_8985708187579580416_o.jpg?_nc_cat=108&ccb=2&_nc_sid=730e14&_nc_ohc=81PW5SVoLwEAX_0_Fyo&_nc_ht=scontent-nrt1-1.xx&oh=3cced4ad3e9674dfecf9ab32c9932c47&oe=602A3FF6,美秀集团 八宝山 朝思暮想 想不到 搭载众生七情六欲的终极想象,,
685,https://i.imgur.com/rZYaSQZl.jpg,有朝一日早餐 取暖派对计划,,
686,,,,